Summary,Issue key,Issue id,Issue Type,Status,Project key,Project name,Project type,Project lead,Project lead id,Project description,Priority,Resolution,Assignee,Assignee Id,Reporter,Reporter Id,Creator,Creator Id,Created,Updated,Last Viewed,Resolved,Due date,Votes,Description,Environment,Watchers,Watchers Id,Original estimate,Remaining Estimate,Time Spent,Work Ratio,Σ Original Estimate,Σ Remaining Estimate,Σ Time Spent,Security Level,Inward issue link (Test),Inward issue link (Test),Outward issue link (Test),Attachment,Attachment,Attachment,Custom field (Development),Custom field (Issue color),Custom field (Rank),Sprint,Custom field (Start date),Custom field (Story point estimate),Custom field (Team),Custom field (Vulnerability),Comment,Parent,Parent key,Parent summary,Status Category,Status Category Changed
"User Settings updates first name, last name, email and phone number",SCRUM-233,10264,Test,To Do,SCRUM,Bug Tracking,software,Shenyi,5ff0d9741051d100756df8aa,,Medium,,,,Shenyi,5ff0d9741051d100756df8aa,Shenyi,5ff0d9741051d100756df8aa,04/Jul/26 5:10 PM,04/Jul/26 5:10 PM,,,,0,,,Shenyi,5ff0d9741051d100756df8aa,,,,,,,,,,,,,,,,,0|i001fj:,,,,,,,,,,To Do,04/Jul/26 5:10 PM
User Settings should display user setting form errors,SCRUM-232,10263,Test,To Do,SCRUM,Bug Tracking,software,Shenyi,5ff0d9741051d100756df8aa,,Medium,,,,Shenyi,5ff0d9741051d100756df8aa,Shenyi,5ff0d9741051d100756df8aa,04/Jul/26 5:10 PM,04/Jul/26 5:10 PM,,,,0,,,Shenyi,5ff0d9741051d100756df8aa,,,,,,,,,,,,,,,,,0|i001fb:,,,,,,,,,,To Do,04/Jul/26 5:10 PM
User Settings renders the user settings form,SCRUM-231,10262,Test,To Do,SCRUM,Bug Tracking,software,Shenyi,5ff0d9741051d100756df8aa,,Medium,,,,Shenyi,5ff0d9741051d100756df8aa,Shenyi,5ff0d9741051d100756df8aa,04/Jul/26 5:10 PM,04/Jul/26 5:10 PM,,,,0,,,Shenyi,5ff0d9741051d100756df8aa,,,,,,,,,,,,,,,,,0|i001f3:,,,,,,,,,,To Do,04/Jul/26 5:10 PM
Transaction View does not display accept/reject buttons on completed request,SCRUM-230,10261,Test,To Do,SCRUM,Bug Tracking,software,Shenyi,5ff0d9741051d100756df8aa,,Medium,,,,Shenyi,5ff0d9741051d100756df8aa,Shenyi,5ff0d9741051d100756df8aa,04/Jul/26 5:10 PM,04/Jul/26 5:10 PM,,,,0,,,Shenyi,5ff0d9741051d100756df8aa,,,,,,,,,,,,,,,,,0|i001ev:,,,,,,,,,,To Do,04/Jul/26 5:10 PM
Transaction View rejects a transaction request,SCRUM-229,10260,Test,To Do,SCRUM,Bug Tracking,software,Shenyi,5ff0d9741051d100756df8aa,,Medium,,,,Shenyi,5ff0d9741051d100756df8aa,Shenyi,5ff0d9741051d100756df8aa,04/Jul/26 5:10 PM,04/Jul/26 5:10 PM,,,,0,,,Shenyi,5ff0d9741051d100756df8aa,,,,,,,,,,,,,,,,,0|i001en:,,,,,,,,,,To Do,04/Jul/26 5:10 PM
Transaction View accepts a transaction request,SCRUM-228,10259,Test,To Do,SCRUM,Bug Tracking,software,Shenyi,5ff0d9741051d100756df8aa,,Medium,,,,Shenyi,5ff0d9741051d100756df8aa,Shenyi,5ff0d9741051d100756df8aa,04/Jul/26 5:10 PM,04/Jul/26 5:10 PM,,,,0,,,Shenyi,5ff0d9741051d100756df8aa,,,,,,,,,,,,,,,,,0|i001ef:,,,,,,,,,,To Do,04/Jul/26 5:10 PM
Transaction View comments on a transaction,SCRUM-227,10258,Test,To Do,SCRUM,Bug Tracking,software,Shenyi,5ff0d9741051d100756df8aa,,Medium,,,,Shenyi,5ff0d9741051d100756df8aa,Shenyi,5ff0d9741051d100756df8aa,04/Jul/26 5:09 PM,04/Jul/26 5:10 PM,,,,0,,,Shenyi,5ff0d9741051d100756df8aa,,,,,,,,,,,,,,,,,0|i001e7:,,,,,,,,,,To Do,04/Jul/26 5:10 PM
Transaction View likes a transaction,SCRUM-226,10257,Test,To Do,SCRUM,Bug Tracking,software,Shenyi,5ff0d9741051d100756df8aa,,Medium,,,,Shenyi,5ff0d9741051d100756df8aa,Shenyi,5ff0d9741051d100756df8aa,04/Jul/26 5:09 PM,04/Jul/26 5:09 PM,,,,0,,,Shenyi,5ff0d9741051d100756df8aa,,,,,,,,,,,,,,,,,0|i001dz:,,,,,,,,,,To Do,04/Jul/26 5:09 PM
Transaction View transactions navigation tabs are hidden on a transaction view page,SCRUM-225,10256,Test,To Do,SCRUM,Bug Tracking,software,Shenyi,5ff0d9741051d100756df8aa,,Medium,,,,Shenyi,5ff0d9741051d100756df8aa,Shenyi,5ff0d9741051d100756df8aa,04/Jul/26 5:09 PM,04/Jul/26 5:09 PM,,,,0,,,Shenyi,5ff0d9741051d100756df8aa,,,,,,,,,,,,,,,,,0|i001dr:,,,,,,,,,,To Do,04/Jul/26 5:09 PM
Transaction Feed Feed Item Visibility friends feed only shows contact transactions,SCRUM-224,10255,Test,To Do,SCRUM,Bug Tracking,software,Shenyi,5ff0d9741051d100756df8aa,,Medium,,,,Shenyi,5ff0d9741051d100756df8aa,Shenyi,5ff0d9741051d100756df8aa,04/Jul/26 5:09 PM,04/Jul/26 5:09 PM,,,,0,,,Shenyi,5ff0d9741051d100756df8aa,,,,,,,,,,,,,,,,,0|i001dj:,,,,,,,,,,To Do,04/Jul/26 5:09 PM
Transaction Feed Feed Item Visibility first five items belong to contacts in public feed,SCRUM-223,10254,Test,To Do,SCRUM,Bug Tracking,software,Shenyi,5ff0d9741051d100756df8aa,,Medium,,,,Shenyi,5ff0d9741051d100756df8aa,Shenyi,5ff0d9741051d100756df8aa,04/Jul/26 5:09 PM,04/Jul/26 5:09 PM,,,,0,,,Shenyi,5ff0d9741051d100756df8aa,,,,,,,,,,,,,,,,,0|i001db:,,,,,,,,,,To Do,04/Jul/26 5:09 PM
Transaction Feed Feed Item Visibility mine feed only shows personal transactions,SCRUM-222,10253,Test,To Do,SCRUM,Bug Tracking,software,Shenyi,5ff0d9741051d100756df8aa,,Medium,,,,Shenyi,5ff0d9741051d100756df8aa,Shenyi,5ff0d9741051d100756df8aa,04/Jul/26 5:09 PM,04/Jul/26 5:09 PM,,,,0,,,Shenyi,5ff0d9741051d100756df8aa,,,,,,,,,,,,,,,,,0|i001d3:,,,,,,,,,,To Do,04/Jul/26 5:09 PM
Transaction Feed filters transaction feeds by amount range does not show personal transactions for out of range amount limits,SCRUM-221,10252,Test,To Do,SCRUM,Bug Tracking,software,Shenyi,5ff0d9741051d100756df8aa,,Medium,,,,Shenyi,5ff0d9741051d100756df8aa,Shenyi,5ff0d9741051d100756df8aa,04/Jul/26 5:09 PM,04/Jul/26 5:09 PM,,,,0,,,Shenyi,5ff0d9741051d100756df8aa,,,,,,,,,,,,,,,,,0|i001cv:,,,,,,,,,,To Do,04/Jul/26 5:09 PM
Transaction Feed filters transaction feeds by amount range filters personal transaction feed by amount range,SCRUM-220,10251,Test,To Do,SCRUM,Bug Tracking,software,Shenyi,5ff0d9741051d100756df8aa,,Medium,,,,Shenyi,5ff0d9741051d100756df8aa,Shenyi,5ff0d9741051d100756df8aa,04/Jul/26 5:09 PM,04/Jul/26 5:09 PM,,,,0,,,Shenyi,5ff0d9741051d100756df8aa,,,,,,,,,,,,,,,,,0|i001cn:,,,,,,,,,,To Do,04/Jul/26 5:09 PM
Transaction Feed filters transaction feeds by amount range does not show contacts transactions for out of range amount limits,SCRUM-219,10250,Test,To Do,SCRUM,Bug Tracking,software,Shenyi,5ff0d9741051d100756df8aa,,Medium,,,,Shenyi,5ff0d9741051d100756df8aa,Shenyi,5ff0d9741051d100756df8aa,04/Jul/26 5:09 PM,04/Jul/26 5:09 PM,,,,0,,,Shenyi,5ff0d9741051d100756df8aa,,,,,,,,,,,,,,,,,0|i001cf:,,,,,,,,,,To Do,04/Jul/26 5:09 PM
Transaction Feed filters transaction feeds by amount range filters contacts transaction feed by amount range,SCRUM-218,10249,Test,To Do,SCRUM,Bug Tracking,software,Shenyi,5ff0d9741051d100756df8aa,,Medium,,,,Shenyi,5ff0d9741051d100756df8aa,Shenyi,5ff0d9741051d100756df8aa,04/Jul/26 5:09 PM,04/Jul/26 5:09 PM,,,,0,,,Shenyi,5ff0d9741051d100756df8aa,,,,,,,,,,,,,,,,,0|i001c7:,,,,,,,,,,To Do,04/Jul/26 5:09 PM
Transaction Feed filters transaction feeds by amount range does not show public transactions for out of range amount limits,SCRUM-217,10248,Test,To Do,SCRUM,Bug Tracking,software,Shenyi,5ff0d9741051d100756df8aa,,Medium,,,,Shenyi,5ff0d9741051d100756df8aa,Shenyi,5ff0d9741051d100756df8aa,04/Jul/26 5:09 PM,04/Jul/26 5:09 PM,,,,0,,,Shenyi,5ff0d9741051d100756df8aa,,,,,,,,,,,,,,,,,0|i001bz:,,,,,,,,,,To Do,04/Jul/26 5:09 PM
Transaction Feed filters transaction feeds by amount range filters public transaction feed by amount range,SCRUM-216,10247,Test,To Do,SCRUM,Bug Tracking,software,Shenyi,5ff0d9741051d100756df8aa,,Medium,,,,Shenyi,5ff0d9741051d100756df8aa,Shenyi,5ff0d9741051d100756df8aa,04/Jul/26 5:09 PM,04/Jul/26 5:09 PM,,,,0,,,Shenyi,5ff0d9741051d100756df8aa,,,,,,,,,,,,,,,,,0|i001br:,,,,,,,,,,To Do,04/Jul/26 5:09 PM
Transaction Feed filters transaction feeds by date range does not show personal transactions for out of range date limits,SCRUM-215,10246,Test,To Do,SCRUM,Bug Tracking,software,Shenyi,5ff0d9741051d100756df8aa,,Medium,,,,Shenyi,5ff0d9741051d100756df8aa,Shenyi,5ff0d9741051d100756df8aa,04/Jul/26 5:09 PM,04/Jul/26 5:09 PM,,,,0,,,Shenyi,5ff0d9741051d100756df8aa,,,,,,,,,,,,,,,,,0|i001bj:,,,,,,,,,,To Do,04/Jul/26 5:09 PM
Transaction Feed filters transaction feeds by date range filters personal transaction feed by date range,SCRUM-214,10245,Test,To Do,SCRUM,Bug Tracking,software,Shenyi,5ff0d9741051d100756df8aa,,Medium,,,,Shenyi,5ff0d9741051d100756df8aa,Shenyi,5ff0d9741051d100756df8aa,04/Jul/26 5:09 PM,04/Jul/26 5:09 PM,,,,0,,,Shenyi,5ff0d9741051d100756df8aa,,,,,,,,,,,,,,,,,0|i001bb:,,,,,,,,,,To Do,04/Jul/26 5:09 PM
Transaction Feed filters transaction feeds by date range does not show contacts transactions for out of range date limits,SCRUM-213,10244,Test,To Do,SCRUM,Bug Tracking,software,Shenyi,5ff0d9741051d100756df8aa,,Medium,,,,Shenyi,5ff0d9741051d100756df8aa,Shenyi,5ff0d9741051d100756df8aa,04/Jul/26 5:09 PM,04/Jul/26 5:09 PM,,,,0,,,Shenyi,5ff0d9741051d100756df8aa,,,,,,,,,,,,,,,,,0|i001b3:,,,,,,,,,,To Do,04/Jul/26 5:09 PM
Transaction Feed filters transaction feeds by date range filters contacts transaction feed by date range,SCRUM-212,10243,Test,To Do,SCRUM,Bug Tracking,software,Shenyi,5ff0d9741051d100756df8aa,,Medium,,,,Shenyi,5ff0d9741051d100756df8aa,Shenyi,5ff0d9741051d100756df8aa,04/Jul/26 5:09 PM,04/Jul/26 5:09 PM,,,,0,,,Shenyi,5ff0d9741051d100756df8aa,,,,,,,,,,,,,,,,,0|i001av:,,,,,,,,,,To Do,04/Jul/26 5:09 PM
Transaction Feed filters transaction feeds by date range does not show public transactions for out of range date limits,SCRUM-211,10242,Test,To Do,SCRUM,Bug Tracking,software,Shenyi,5ff0d9741051d100756df8aa,,Medium,,,,Shenyi,5ff0d9741051d100756df8aa,Shenyi,5ff0d9741051d100756df8aa,04/Jul/26 5:09 PM,04/Jul/26 5:09 PM,,,,0,,,Shenyi,5ff0d9741051d100756df8aa,,,,,,,,,,,,,,,,,0|i001an:,,,,,,,,,,To Do,04/Jul/26 5:09 PM
Transaction Feed filters transaction feeds by date range filters public transaction feed by date range,SCRUM-210,10241,Test,To Do,SCRUM,Bug Tracking,software,Shenyi,5ff0d9741051d100756df8aa,,Medium,,,,Shenyi,5ff0d9741051d100756df8aa,Shenyi,5ff0d9741051d100756df8aa,04/Jul/26 5:09 PM,04/Jul/26 5:09 PM,,,,0,,,Shenyi,5ff0d9741051d100756df8aa,,,,,,,,,,,,,,,,,0|i001af:,,,,,,,,,,To Do,04/Jul/26 5:09 PM
Transaction Feed renders and paginates all transaction feeds paginates personal transaction feed,SCRUM-209,10240,Test,To Do,SCRUM,Bug Tracking,software,Shenyi,5ff0d9741051d100756df8aa,,Medium,,,,Shenyi,5ff0d9741051d100756df8aa,Shenyi,5ff0d9741051d100756df8aa,04/Jul/26 5:09 PM,04/Jul/26 5:09 PM,,,,0,,,Shenyi,5ff0d9741051d100756df8aa,,,,,,,,,,,,,,,,,0|i001a7:,,,,,,,,,,To Do,04/Jul/26 5:09 PM
Transaction Feed renders and paginates all transaction feeds paginates contacts transaction feed,SCRUM-208,10239,Test,To Do,SCRUM,Bug Tracking,software,Shenyi,5ff0d9741051d100756df8aa,,Medium,,,,Shenyi,5ff0d9741051d100756df8aa,Shenyi,5ff0d9741051d100756df8aa,04/Jul/26 5:09 PM,04/Jul/26 5:09 PM,,,,0,,,Shenyi,5ff0d9741051d100756df8aa,,,,,,,,,,,,,,,,,0|i0019z:,,,,,,,,,,To Do,04/Jul/26 5:09 PM
Transaction Feed renders and paginates all transaction feeds paginates public transaction feed,SCRUM-207,10238,Test,To Do,SCRUM,Bug Tracking,software,Shenyi,5ff0d9741051d100756df8aa,,Medium,,,,Shenyi,5ff0d9741051d100756df8aa,Shenyi,5ff0d9741051d100756df8aa,04/Jul/26 5:09 PM,04/Jul/26 5:09 PM,,,,0,,,Shenyi,5ff0d9741051d100756df8aa,,,,,,,,,,,,,,,,,0|i0019r:,,,,,,,,,,To Do,04/Jul/26 5:09 PM
Transaction Feed renders and paginates all transaction feeds renders transactions item variations in feed,SCRUM-206,10237,Test,To Do,SCRUM,Bug Tracking,software,Shenyi,5ff0d9741051d100756df8aa,,Medium,,,,Shenyi,5ff0d9741051d100756df8aa,Shenyi,5ff0d9741051d100756df8aa,04/Jul/26 5:09 PM,04/Jul/26 5:09 PM,,,,0,,,Shenyi,5ff0d9741051d100756df8aa,,,,,,,,,,,,,,,,,0|i0019j:,,,,,,,,,,To Do,04/Jul/26 5:09 PM
Transaction Feed app layout and responsiveness toggles the navigation drawer,SCRUM-205,10236,Test,To Do,SCRUM,Bug Tracking,software,Shenyi,5ff0d9741051d100756df8aa,,Medium,,,,Shenyi,5ff0d9741051d100756df8aa,Shenyi,5ff0d9741051d100756df8aa,04/Jul/26 5:09 PM,04/Jul/26 5:09 PM,,,,0,,,Shenyi,5ff0d9741051d100756df8aa,,,,,,,,,,,,,,,,,0|i0019b:,,,,,,,,,,To Do,04/Jul/26 5:09 PM
Notifications notifications from user interactions User A sends a payment request to User C,SCRUM-204,10235,Test,To Do,SCRUM,Bug Tracking,software,Shenyi,5ff0d9741051d100756df8aa,,Medium,,,,Shenyi,5ff0d9741051d100756df8aa,Shenyi,5ff0d9741051d100756df8aa,04/Jul/26 5:09 PM,04/Jul/26 5:09 PM,,,,0,,,Shenyi,5ff0d9741051d100756df8aa,,,,,,,,,,,,,,,,,0|i00193:,,,,,,,,,,To Do,04/Jul/26 5:09 PM
Notifications notifications from user interactions User A sends a payment to User B,SCRUM-203,10234,Test,To Do,SCRUM,Bug Tracking,software,Shenyi,5ff0d9741051d100756df8aa,,Medium,,,,Shenyi,5ff0d9741051d100756df8aa,Shenyi,5ff0d9741051d100756df8aa,04/Jul/26 5:09 PM,04/Jul/26 5:09 PM,,,,0,,,Shenyi,5ff0d9741051d100756df8aa,,,,,,,,,,,,,,,,,0|i0018v:,,,,,,,,,,To Do,04/Jul/26 5:09 PM
Notifications notifications from user interactions User C comments on a transaction between User A and User B; User A and B get notifications that User C commented on their transaction,SCRUM-202,10233,Test,To Do,SCRUM,Bug Tracking,software,Shenyi,5ff0d9741051d100756df8aa,,Medium,,,,Shenyi,5ff0d9741051d100756df8aa,Shenyi,5ff0d9741051d100756df8aa,04/Jul/26 5:09 PM,04/Jul/26 5:09 PM,,,,0,,,Shenyi,5ff0d9741051d100756df8aa,,,,,,,,,,,,,,,,,0|i0018n:,,,,,,,,,,To Do,04/Jul/26 5:09 PM
Notifications notifications from user interactions User A comments on a transaction of User B; User B gets notification that User A commented on their transaction,SCRUM-201,10232,Test,To Do,SCRUM,Bug Tracking,software,Shenyi,5ff0d9741051d100756df8aa,,Medium,,,,Shenyi,5ff0d9741051d100756df8aa,Shenyi,5ff0d9741051d100756df8aa,04/Jul/26 5:09 PM,04/Jul/26 5:09 PM,,,,0,,,Shenyi,5ff0d9741051d100756df8aa,,,,,,,,,,,,,,,,,0|i0018f:,,,,,,,,,,To Do,04/Jul/26 5:09 PM
Notifications notifications from user interactions User C likes a transaction between User A and User B; User A and User B get notifications that User C liked transaction,SCRUM-200,10231,Test,To Do,SCRUM,Bug Tracking,software,Shenyi,5ff0d9741051d100756df8aa,,Medium,,,,Shenyi,5ff0d9741051d100756df8aa,Shenyi,5ff0d9741051d100756df8aa,04/Jul/26 5:09 PM,04/Jul/26 5:09 PM,,,,0,,,Shenyi,5ff0d9741051d100756df8aa,,,,,,,,,,,,,,,,,0|i00187:,,,,,,,,,,To Do,04/Jul/26 5:09 PM
Notifications notifications from user interactions User A likes a transaction of User B; User B gets notification that User A liked transaction ,SCRUM-199,10230,Test,To Do,SCRUM,Bug Tracking,software,Shenyi,5ff0d9741051d100756df8aa,,Medium,,,,Shenyi,5ff0d9741051d100756df8aa,Shenyi,5ff0d9741051d100756df8aa,04/Jul/26 5:09 PM,04/Jul/26 5:09 PM,,,,0,,,Shenyi,5ff0d9741051d100756df8aa,,,,,,,,,,,,,,,,,0|i0017z:,,,,,,,,,,To Do,04/Jul/26 5:09 PM
Notifications renders an empty notifications state,SCRUM-198,10229,Test,To Do,SCRUM,Bug Tracking,software,Shenyi,5ff0d9741051d100756df8aa,,Medium,,,,Shenyi,5ff0d9741051d100756df8aa,Shenyi,5ff0d9741051d100756df8aa,04/Jul/26 5:09 PM,04/Jul/26 5:09 PM,,,,0,,,Shenyi,5ff0d9741051d100756df8aa,,,,,,,,,,,,,,,,,0|i0017r:,,,,,,,,,,To Do,04/Jul/26 5:09 PM
New Transaction searches for a user by attribute phoneNumber,SCRUM-197,10228,Test,To Do,SCRUM,Bug Tracking,software,Shenyi,5ff0d9741051d100756df8aa,,Medium,,,,Shenyi,5ff0d9741051d100756df8aa,Shenyi,5ff0d9741051d100756df8aa,04/Jul/26 5:09 PM,04/Jul/26 5:09 PM,,,,0,,,Shenyi,5ff0d9741051d100756df8aa,,,,,,,,,,,,,,,,,0|i0017j:,,,,,,,,,,To Do,04/Jul/26 5:09 PM
New Transaction searches for a user by attribute email,SCRUM-196,10227,Test,To Do,SCRUM,Bug Tracking,software,Shenyi,5ff0d9741051d100756df8aa,,Medium,,,,Shenyi,5ff0d9741051d100756df8aa,Shenyi,5ff0d9741051d100756df8aa,04/Jul/26 5:09 PM,04/Jul/26 5:09 PM,,,,0,,,Shenyi,5ff0d9741051d100756df8aa,,,,,,,,,,,,,,,,,0|i0017b:,,,,,,,,,,To Do,04/Jul/26 5:09 PM
New Transaction searches for a user by attribute username,SCRUM-195,10226,Test,To Do,SCRUM,Bug Tracking,software,Shenyi,5ff0d9741051d100756df8aa,,Medium,,,,Shenyi,5ff0d9741051d100756df8aa,Shenyi,5ff0d9741051d100756df8aa,04/Jul/26 5:09 PM,04/Jul/26 5:09 PM,,,,0,,,Shenyi,5ff0d9741051d100756df8aa,,,,,,,,,,,,,,,,,0|i00173:,,,,,,,,,,To Do,04/Jul/26 5:09 PM
New Transaction searches for a user by attribute lastName,SCRUM-194,10225,Test,To Do,SCRUM,Bug Tracking,software,Shenyi,5ff0d9741051d100756df8aa,,Medium,,,,Shenyi,5ff0d9741051d100756df8aa,Shenyi,5ff0d9741051d100756df8aa,04/Jul/26 5:09 PM,04/Jul/26 5:09 PM,,,,0,,,Shenyi,5ff0d9741051d100756df8aa,,,,,,,,,,,,,,,,,0|i0016v:,,,,,,,,,,To Do,04/Jul/26 5:09 PM
New Transaction searches for a user by attribute firstName,SCRUM-193,10224,Test,To Do,SCRUM,Bug Tracking,software,Shenyi,5ff0d9741051d100756df8aa,,Medium,,,,Shenyi,5ff0d9741051d100756df8aa,Shenyi,5ff0d9741051d100756df8aa,04/Jul/26 5:09 PM,04/Jul/26 5:09 PM,,,,0,,,Shenyi,5ff0d9741051d100756df8aa,,,,,,,,,,,,,,,,,0|i0016n:,,,,,,,,,,To Do,04/Jul/26 5:09 PM
New Transaction submits a transaction request and accepts the request for the receiver,SCRUM-192,10223,Test,To Do,SCRUM,Bug Tracking,software,Shenyi,5ff0d9741051d100756df8aa,,Medium,,,,Shenyi,5ff0d9741051d100756df8aa,Shenyi,5ff0d9741051d100756df8aa,04/Jul/26 5:09 PM,04/Jul/26 5:09 PM,,,,0,,,Shenyi,5ff0d9741051d100756df8aa,,,,,,,,,,,,,,,,,0|i0016f:,,,,,,,,,,To Do,04/Jul/26 5:09 PM
New Transaction submits a transaction payment and verifies the deposit for the receiver,SCRUM-191,10222,Test,To Do,SCRUM,Bug Tracking,software,Shenyi,5ff0d9741051d100756df8aa,,Medium,,,,Shenyi,5ff0d9741051d100756df8aa,Shenyi,5ff0d9741051d100756df8aa,04/Jul/26 5:09 PM,04/Jul/26 5:09 PM,,,,0,,,Shenyi,5ff0d9741051d100756df8aa,,,,,,,,,,,,,,,,,0|i00167:,,,,,,,,,,To Do,04/Jul/26 5:09 PM
New Transaction displays new transaction errors,SCRUM-190,10221,Test,To Do,SCRUM,Bug Tracking,software,Shenyi,5ff0d9741051d100756df8aa,,Medium,,,,Shenyi,5ff0d9741051d100756df8aa,Shenyi,5ff0d9741051d100756df8aa,04/Jul/26 5:09 PM,04/Jul/26 5:09 PM,,,,0,,,Shenyi,5ff0d9741051d100756df8aa,,,,,,,,,,,,,,,,,0|i0015z:,,,,,,,,,,To Do,04/Jul/26 5:09 PM
"New Transaction navigates to the new transaction form, selects a user and submits a transaction request",SCRUM-189,10220,Test,To Do,SCRUM,Bug Tracking,software,Shenyi,5ff0d9741051d100756df8aa,,Medium,,,,Shenyi,5ff0d9741051d100756df8aa,Shenyi,5ff0d9741051d100756df8aa,04/Jul/26 5:09 PM,04/Jul/26 5:09 PM,,,,0,,,Shenyi,5ff0d9741051d100756df8aa,,,,,,,,,,,,,,,,,0|i0015r:,,,,,,,,,,To Do,04/Jul/26 5:09 PM
"New Transaction navigates to the new transaction form, selects a user and submits a transaction payment",SCRUM-188,10219,Test,To Do,SCRUM,Bug Tracking,software,Shenyi,5ff0d9741051d100756df8aa,,Medium,,,,Shenyi,5ff0d9741051d100756df8aa,Shenyi,5ff0d9741051d100756df8aa,04/Jul/26 5:09 PM,04/Jul/26 5:09 PM,,,,0,,,Shenyi,5ff0d9741051d100756df8aa,,,,,,,,,,,,,,,,,0|i0015j:,,,,,,,,,,To Do,04/Jul/26 5:09 PM
Bank Accounts renders an empty bank account list state with onboarding modal,SCRUM-187,10218,Test,To Do,SCRUM,Bug Tracking,software,Shenyi,5ff0d9741051d100756df8aa,,Medium,,,,Shenyi,5ff0d9741051d100756df8aa,Shenyi,5ff0d9741051d100756df8aa,04/Jul/26 5:09 PM,04/Jul/26 5:09 PM,,,,0,,,Shenyi,5ff0d9741051d100756df8aa,,,,,,,,,,,,,,,,,0|i0015b:,,,,,,,,,,To Do,04/Jul/26 5:09 PM
Bank Accounts soft deletes a bank account,SCRUM-186,10217,Test,To Do,SCRUM,Bug Tracking,software,Shenyi,5ff0d9741051d100756df8aa,,Medium,,,,Shenyi,5ff0d9741051d100756df8aa,Shenyi,5ff0d9741051d100756df8aa,04/Jul/26 5:09 PM,04/Jul/26 5:09 PM,,,,0,,,Shenyi,5ff0d9741051d100756df8aa,,,,,,,,,,,,,,,,,0|i00153:,,,,,,,,,,To Do,04/Jul/26 5:09 PM
Bank Accounts should display bank account form errors,SCRUM-185,10216,Test,To Do,SCRUM,Bug Tracking,software,Shenyi,5ff0d9741051d100756df8aa,,Medium,,,,Shenyi,5ff0d9741051d100756df8aa,Shenyi,5ff0d9741051d100756df8aa,04/Jul/26 5:09 PM,04/Jul/26 5:09 PM,,,,0,,,Shenyi,5ff0d9741051d100756df8aa,,,,,,,,,,,,,,,,,0|i0014v:,,,,,,,,,,To Do,04/Jul/26 5:09 PM
Bank Accounts creates a new bank account,SCRUM-184,10215,Test,To Do,SCRUM,Bug Tracking,software,Shenyi,5ff0d9741051d100756df8aa,,Medium,,,,Shenyi,5ff0d9741051d100756df8aa,Shenyi,5ff0d9741051d100756df8aa,04/Jul/26 5:09 PM,04/Jul/26 5:09 PM,,,,0,,,Shenyi,5ff0d9741051d100756df8aa,,,,,,,,,,,,,,,,,0|i0014n:,,,,,,,,,,To Do,04/Jul/26 5:09 PM
User Sign-up and Login should error for an invalid password for existing user,SCRUM-183,10214,Test,To Do,SCRUM,Bug Tracking,software,Shenyi,5ff0d9741051d100756df8aa,,Medium,,,,Shenyi,5ff0d9741051d100756df8aa,Shenyi,5ff0d9741051d100756df8aa,04/Jul/26 5:09 PM,04/Jul/26 5:09 PM,,,,0,,,Shenyi,5ff0d9741051d100756df8aa,,,,,,,,,,,,,,,,,0|i0014f:,,,,,,,,,,To Do,04/Jul/26 5:09 PM
User Sign-up and Login should error for an invalid user,SCRUM-182,10213,Test,To Do,SCRUM,Bug Tracking,software,Shenyi,5ff0d9741051d100756df8aa,,Medium,,,,Shenyi,5ff0d9741051d100756df8aa,Shenyi,5ff0d9741051d100756df8aa,04/Jul/26 5:09 PM,04/Jul/26 5:09 PM,,,,0,,,Shenyi,5ff0d9741051d100756df8aa,,,,,,,,,,,,,,,,,0|i00147:,,,,,,,,,,To Do,04/Jul/26 5:09 PM
User Sign-up and Login should display signup errors,SCRUM-181,10212,Test,To Do,SCRUM,Bug Tracking,software,Shenyi,5ff0d9741051d100756df8aa,,Medium,,,,Shenyi,5ff0d9741051d100756df8aa,Shenyi,5ff0d9741051d100756df8aa,04/Jul/26 5:09 PM,04/Jul/26 5:09 PM,,,,0,,,Shenyi,5ff0d9741051d100756df8aa,,,,,,,,,,,,,,,,,0|i0013z:,,,,,,,,,,To Do,04/Jul/26 5:09 PM
User Sign-up and Login should display login errors,SCRUM-180,10211,Test,To Do,SCRUM,Bug Tracking,software,Shenyi,5ff0d9741051d100756df8aa,,Medium,,,,Shenyi,5ff0d9741051d100756df8aa,Shenyi,5ff0d9741051d100756df8aa,04/Jul/26 5:09 PM,04/Jul/26 5:09 PM,,,,0,,,Shenyi,5ff0d9741051d100756df8aa,,,,,,,,,,,,,,,,,0|i0013r:,,,,,,,,,,To Do,04/Jul/26 5:09 PM
"User Sign-up and Login should allow a visitor to sign-up, login, and logout",SCRUM-179,10210,Test,To Do,SCRUM,Bug Tracking,software,Shenyi,5ff0d9741051d100756df8aa,,Medium,,,,Shenyi,5ff0d9741051d100756df8aa,Shenyi,5ff0d9741051d100756df8aa,04/Jul/26 5:09 PM,04/Jul/26 5:09 PM,,,,0,,,Shenyi,5ff0d9741051d100756df8aa,,,,,,,,,,,,,,,,,0|i0013j:,,,,,,,,,,To Do,04/Jul/26 5:09 PM
User Sign-up and Login should remember a user for 30 days after login,SCRUM-178,10209,Test,To Do,SCRUM,Bug Tracking,software,Shenyi,5ff0d9741051d100756df8aa,,Medium,,,,Shenyi,5ff0d9741051d100756df8aa,Shenyi,5ff0d9741051d100756df8aa,04/Jul/26 5:09 PM,04/Jul/26 5:09 PM,,,,0,,,Shenyi,5ff0d9741051d100756df8aa,,,,,,,,,,,,,,,,,0|i0013b:,,,,,,,,,,To Do,04/Jul/26 5:09 PM
User Sign-up and Login should redirect to the home page after login,SCRUM-177,10208,Test,To Do,SCRUM,Bug Tracking,software,Shenyi,5ff0d9741051d100756df8aa,,Medium,,,,Shenyi,5ff0d9741051d100756df8aa,Shenyi,5ff0d9741051d100756df8aa,04/Jul/26 5:09 PM,04/Jul/26 5:09 PM,,,,0,,,Shenyi,5ff0d9741051d100756df8aa,,,,,,,,,,,,,,,,,0|i00133:,,,,,,,,,,To Do,04/Jul/26 5:09 PM
User Sign-up and Login should redirect unauthenticated user to signin page,SCRUM-176,10207,Test,To Do,SCRUM,Bug Tracking,software,Shenyi,5ff0d9741051d100756df8aa,,Medium,,,,Shenyi,5ff0d9741051d100756df8aa,Shenyi,5ff0d9741051d100756df8aa,04/Jul/26 5:09 PM,04/Jul/26 5:09 PM,,,,0,,,Shenyi,5ff0d9741051d100756df8aa,,,,,,,,,,,,,,,,,0|i0012v:,,,,,,,,,,To Do,04/Jul/26 5:09 PM
Cypress Studio Demo create new bank account,SCRUM-175,10206,Test,To Do,SCRUM,Bug Tracking,software,Shenyi,5ff0d9741051d100756df8aa,,Medium,,,,Shenyi,5ff0d9741051d100756df8aa,Shenyi,5ff0d9741051d100756df8aa,04/Jul/26 5:09 PM,04/Jul/26 5:09 PM,,,,0,,,Shenyi,5ff0d9741051d100756df8aa,,,,,,,,,,,,,,,,,0|i0012n:,,,,,,,,,,To Do,04/Jul/26 5:09 PM
Cypress Studio Demo create new transaction,SCRUM-174,10205,Test,To Do,SCRUM,Bug Tracking,software,Shenyi,5ff0d9741051d100756df8aa,,Medium,,,,Shenyi,5ff0d9741051d100756df8aa,Shenyi,5ff0d9741051d100756df8aa,04/Jul/26 5:09 PM,04/Jul/26 5:09 PM,,,,0,,,Shenyi,5ff0d9741051d100756df8aa,,,,,,,,,,,,,,,,,0|i0012f:,,,,,,,,,,To Do,04/Jul/26 5:09 PM
Users API POST /login logs in as a user,SCRUM-173,10204,Test,To Do,SCRUM,Bug Tracking,software,Shenyi,5ff0d9741051d100756df8aa,,Medium,,,,Shenyi,5ff0d9741051d100756df8aa,Shenyi,5ff0d9741051d100756df8aa,04/Jul/26 5:09 PM,04/Jul/26 5:09 PM,,,,0,,,Shenyi,5ff0d9741051d100756df8aa,,,,,,,,,,,,,,,,,0|i00127:,,,,,,,,,,To Do,04/Jul/26 5:09 PM
Users API PATCH /users/:userId errors when an invalid field sent,SCRUM-172,10203,Test,To Do,SCRUM,Bug Tracking,software,Shenyi,5ff0d9741051d100756df8aa,,Medium,,,,Shenyi,5ff0d9741051d100756df8aa,Shenyi,5ff0d9741051d100756df8aa,04/Jul/26 5:09 PM,04/Jul/26 5:09 PM,,,,0,,,Shenyi,5ff0d9741051d100756df8aa,,,,,,,,,,,,,,,,,0|i0011z:,,,,,,,,,,To Do,04/Jul/26 5:09 PM
Users API PATCH /users/:userId updates a user,SCRUM-171,10202,Test,To Do,SCRUM,Bug Tracking,software,Shenyi,5ff0d9741051d100756df8aa,,Medium,,,,Shenyi,5ff0d9741051d100756df8aa,Shenyi,5ff0d9741051d100756df8aa,04/Jul/26 5:09 PM,04/Jul/26 5:09 PM,,,,0,,,Shenyi,5ff0d9741051d100756df8aa,,,,,,,,,,,,,,,,,0|i0011r:,,,,,,,,,,To Do,04/Jul/26 5:09 PM
Users API POST /users errors when an invalid field sent,SCRUM-170,10201,Test,To Do,SCRUM,Bug Tracking,software,Shenyi,5ff0d9741051d100756df8aa,,Medium,,,,Shenyi,5ff0d9741051d100756df8aa,Shenyi,5ff0d9741051d100756df8aa,04/Jul/26 5:09 PM,04/Jul/26 5:09 PM,,,,0,,,Shenyi,5ff0d9741051d100756df8aa,,,,,,,,,,,,,,,,,0|i0011j:,,,,,,,,,,To Do,04/Jul/26 5:09 PM
Users API POST /users creates a new user with an account balance in cents,SCRUM-169,10200,Test,To Do,SCRUM,Bug Tracking,software,Shenyi,5ff0d9741051d100756df8aa,,Medium,,,,Shenyi,5ff0d9741051d100756df8aa,Shenyi,5ff0d9741051d100756df8aa,04/Jul/26 5:09 PM,04/Jul/26 5:09 PM,,,,0,,,Shenyi,5ff0d9741051d100756df8aa,,,,,,,,,,,,,,,,,0|i0011b:,,,,,,,,,,To Do,04/Jul/26 5:09 PM
Users API POST /users creates a new user,SCRUM-168,10199,Test,To Do,SCRUM,Bug Tracking,software,Shenyi,5ff0d9741051d100756df8aa,,Medium,,,,Shenyi,5ff0d9741051d100756df8aa,Shenyi,5ff0d9741051d100756df8aa,04/Jul/26 5:09 PM,04/Jul/26 5:09 PM,,,,0,,,Shenyi,5ff0d9741051d100756df8aa,,,,,,,,,,,,,,,,,0|i00113:,,,,,,,,,,To Do,04/Jul/26 5:09 PM
Users API GET /users/search gets users by username,SCRUM-167,10198,Test,To Do,SCRUM,Bug Tracking,software,Shenyi,5ff0d9741051d100756df8aa,,Medium,,,,Shenyi,5ff0d9741051d100756df8aa,Shenyi,5ff0d9741051d100756df8aa,04/Jul/26 5:09 PM,04/Jul/26 5:09 PM,,,,0,,,Shenyi,5ff0d9741051d100756df8aa,,,,,,,,,,,,,,,,,0|i0010v:,,,,,,,,,,To Do,04/Jul/26 5:09 PM
Users API GET /users/search gets users by phone number,SCRUM-166,10197,Test,To Do,SCRUM,Bug Tracking,software,Shenyi,5ff0d9741051d100756df8aa,,Medium,,,,Shenyi,5ff0d9741051d100756df8aa,Shenyi,5ff0d9741051d100756df8aa,04/Jul/26 5:09 PM,04/Jul/26 5:09 PM,,,,0,,,Shenyi,5ff0d9741051d100756df8aa,,,,,,,,,,,,,,,,,0|i0010n:,,,,,,,,,,To Do,04/Jul/26 5:09 PM
Users API GET /users/search gets users by email,SCRUM-165,10196,Test,To Do,SCRUM,Bug Tracking,software,Shenyi,5ff0d9741051d100756df8aa,,Medium,,,,Shenyi,5ff0d9741051d100756df8aa,Shenyi,5ff0d9741051d100756df8aa,04/Jul/26 5:09 PM,04/Jul/26 5:09 PM,,,,0,,,Shenyi,5ff0d9741051d100756df8aa,,,,,,,,,,,,,,,,,0|i0010f:,,,,,,,,,,To Do,04/Jul/26 5:09 PM
Users API GET /users/profile/:username gets a user profile by username,SCRUM-164,10195,Test,To Do,SCRUM,Bug Tracking,software,Shenyi,5ff0d9741051d100756df8aa,,Medium,,,,Shenyi,5ff0d9741051d100756df8aa,Shenyi,5ff0d9741051d100756df8aa,04/Jul/26 5:09 PM,04/Jul/26 5:09 PM,,,,0,,,Shenyi,5ff0d9741051d100756df8aa,,,,,,,,,,,,,,,,,0|i00107:,,,,,,,,,,To Do,04/Jul/26 5:09 PM
Users API GET /users/:userId errors when invalid userId,SCRUM-163,10194,Test,To Do,SCRUM,Bug Tracking,software,Shenyi,5ff0d9741051d100756df8aa,,Medium,,,,Shenyi,5ff0d9741051d100756df8aa,Shenyi,5ff0d9741051d100756df8aa,04/Jul/26 5:09 PM,04/Jul/26 5:09 PM,,,,0,,,Shenyi,5ff0d9741051d100756df8aa,,,,,,,,,,,,,,,,,0|i000zz:,,,,,,,,,,To Do,04/Jul/26 5:09 PM
Users API GET /users/:userId gets a user,SCRUM-162,10193,Test,To Do,SCRUM,Bug Tracking,software,Shenyi,5ff0d9741051d100756df8aa,,Medium,,,,Shenyi,5ff0d9741051d100756df8aa,Shenyi,5ff0d9741051d100756df8aa,04/Jul/26 5:09 PM,04/Jul/26 5:09 PM,,,,0,,,Shenyi,5ff0d9741051d100756df8aa,,,,,,,,,,,,,,,,,0|i000zr:,,,,,,,,,,To Do,04/Jul/26 5:09 PM
Users API GET /users gets a list of users,SCRUM-161,10192,Test,To Do,SCRUM,Bug Tracking,software,Shenyi,5ff0d9741051d100756df8aa,,Medium,,,,Shenyi,5ff0d9741051d100756df8aa,Shenyi,5ff0d9741051d100756df8aa,04/Jul/26 5:09 PM,04/Jul/26 5:09 PM,,,,0,,,Shenyi,5ff0d9741051d100756df8aa,,,,,,,,,,,,,,,,,0|i000zj:,,,,,,,,,,To Do,04/Jul/26 5:09 PM
Transactions API PATCH /transactions/:transactionId errors when an invalid field sent,SCRUM-160,10191,Test,To Do,SCRUM,Bug Tracking,software,Shenyi,5ff0d9741051d100756df8aa,,Medium,,,,Shenyi,5ff0d9741051d100756df8aa,Shenyi,5ff0d9741051d100756df8aa,04/Jul/26 5:09 PM,04/Jul/26 5:09 PM,,,,0,,,Shenyi,5ff0d9741051d100756df8aa,,,,,,,,,,,,,,,,,0|i000zb:,,,,,,,,,,To Do,04/Jul/26 5:09 PM
Transactions API PATCH /transactions/:transactionId updates a transaction,SCRUM-159,10190,Test,To Do,SCRUM,Bug Tracking,software,Shenyi,5ff0d9741051d100756df8aa,,Medium,,,,Shenyi,5ff0d9741051d100756df8aa,Shenyi,5ff0d9741051d100756df8aa,04/Jul/26 5:09 PM,04/Jul/26 5:09 PM,,,,0,,,Shenyi,5ff0d9741051d100756df8aa,,,,,,,,,,,,,,,,,0|i000z3:,,,,,,,,,,To Do,04/Jul/26 5:09 PM
Transactions API POST /transactions creates a new request,SCRUM-158,10189,Test,To Do,SCRUM,Bug Tracking,software,Shenyi,5ff0d9741051d100756df8aa,,Medium,,,,Shenyi,5ff0d9741051d100756df8aa,Shenyi,5ff0d9741051d100756df8aa,04/Jul/26 5:09 PM,04/Jul/26 5:09 PM,,,,0,,,Shenyi,5ff0d9741051d100756df8aa,,,,,,,,,,,,,,,,,0|i000yv:,,,,,,,,,,To Do,04/Jul/26 5:09 PM
Transactions API POST /transactions creates a new payment,SCRUM-157,10188,Test,To Do,SCRUM,Bug Tracking,software,Shenyi,5ff0d9741051d100756df8aa,,Medium,,,,Shenyi,5ff0d9741051d100756df8aa,Shenyi,5ff0d9741051d100756df8aa,04/Jul/26 5:09 PM,04/Jul/26 5:09 PM,,,,0,,,Shenyi,5ff0d9741051d100756df8aa,,,,,,,,,,,,,,,,,0|i000yn:,,,,,,,,,,To Do,04/Jul/26 5:09 PM
Transactions API GET /transactions/public gets a list of public transactions,SCRUM-156,10187,Test,To Do,SCRUM,Bug Tracking,software,Shenyi,5ff0d9741051d100756df8aa,,Medium,,,,Shenyi,5ff0d9741051d100756df8aa,Shenyi,5ff0d9741051d100756df8aa,04/Jul/26 5:09 PM,04/Jul/26 5:09 PM,,,,0,,,Shenyi,5ff0d9741051d100756df8aa,,,,,,,,,,,,,,,,,0|i000yf:,,,,,,,,,,To Do,04/Jul/26 5:09 PM
"Transactions API GET /transactions/contacts gets a list of transactions for users list of contacts, page two",SCRUM-155,10186,Test,To Do,SCRUM,Bug Tracking,software,Shenyi,5ff0d9741051d100756df8aa,,Medium,,,,Shenyi,5ff0d9741051d100756df8aa,Shenyi,5ff0d9741051d100756df8aa,04/Jul/26 5:09 PM,04/Jul/26 5:09 PM,,,,0,,,Shenyi,5ff0d9741051d100756df8aa,,,,,,,,,,,,,,,,,0|i000y7:,,,,,,,,,,To Do,04/Jul/26 5:09 PM
"Transactions API GET /transactions/contacts gets a list of transactions for users list of contacts, page one",SCRUM-154,10185,Test,To Do,SCRUM,Bug Tracking,software,Shenyi,5ff0d9741051d100756df8aa,,Medium,,,,Shenyi,5ff0d9741051d100756df8aa,Shenyi,5ff0d9741051d100756df8aa,04/Jul/26 5:09 PM,04/Jul/26 5:09 PM,,,,0,,,Shenyi,5ff0d9741051d100756df8aa,,,,,,,,,,,,,,,,,0|i000xz:,,,,,,,,,,To Do,04/Jul/26 5:09 PM
Transactions API GET /transactions gets a list of pending request transactions for user between a time range,SCRUM-153,10184,Test,To Do,SCRUM,Bug Tracking,software,Shenyi,5ff0d9741051d100756df8aa,,Medium,,,,Shenyi,5ff0d9741051d100756df8aa,Shenyi,5ff0d9741051d100756df8aa,04/Jul/26 5:09 PM,04/Jul/26 5:09 PM,,,,0,,,Shenyi,5ff0d9741051d100756df8aa,,,,,,,,,,,,,,,,,0|i000xr:,,,,,,,,,,To Do,04/Jul/26 5:09 PM
Transactions API GET /transactions gets a list of pending request transactions for user,SCRUM-152,10183,Test,To Do,SCRUM,Bug Tracking,software,Shenyi,5ff0d9741051d100756df8aa,,Medium,,,,Shenyi,5ff0d9741051d100756df8aa,Shenyi,5ff0d9741051d100756df8aa,04/Jul/26 5:09 PM,04/Jul/26 5:09 PM,,,,0,,,Shenyi,5ff0d9741051d100756df8aa,,,,,,,,,,,,,,,,,0|i000xj:,,,,,,,,,,To Do,04/Jul/26 5:09 PM
Transactions API GET /transactions gets a list of transactions for user (default),SCRUM-151,10182,Test,To Do,SCRUM,Bug Tracking,software,Shenyi,5ff0d9741051d100756df8aa,,Medium,,,,Shenyi,5ff0d9741051d100756df8aa,Shenyi,5ff0d9741051d100756df8aa,04/Jul/26 5:09 PM,04/Jul/26 5:09 PM,,,,0,,,Shenyi,5ff0d9741051d100756df8aa,,,,,,,,,,,,,,,,,0|i000xb:,,,,,,,,,,To Do,04/Jul/26 5:09 PM
Test Data API GET /testData/:entity gets remote mock data for banktransfers,SCRUM-150,10181,Test,To Do,SCRUM,Bug Tracking,software,Shenyi,5ff0d9741051d100756df8aa,,Medium,,,,Shenyi,5ff0d9741051d100756df8aa,Shenyi,5ff0d9741051d100756df8aa,04/Jul/26 5:09 PM,04/Jul/26 5:09 PM,,,,0,,,Shenyi,5ff0d9741051d100756df8aa,,,,,,,,,,,,,,,,,0|i000x3:,,,,,,,,,,To Do,04/Jul/26 5:09 PM
Test Data API GET /testData/:entity gets remote mock data for comments,SCRUM-149,10180,Test,To Do,SCRUM,Bug Tracking,software,Shenyi,5ff0d9741051d100756df8aa,,Medium,,,,Shenyi,5ff0d9741051d100756df8aa,Shenyi,5ff0d9741051d100756df8aa,04/Jul/26 5:09 PM,04/Jul/26 5:09 PM,,,,0,,,Shenyi,5ff0d9741051d100756df8aa,,,,,,,,,,,,,,,,,0|i000wv:,,,,,,,,,,To Do,04/Jul/26 5:09 PM
Test Data API GET /testData/:entity gets remote mock data for likes,SCRUM-148,10179,Test,To Do,SCRUM,Bug Tracking,software,Shenyi,5ff0d9741051d100756df8aa,,Medium,,,,Shenyi,5ff0d9741051d100756df8aa,Shenyi,5ff0d9741051d100756df8aa,04/Jul/26 5:09 PM,04/Jul/26 5:09 PM,,,,0,,,Shenyi,5ff0d9741051d100756df8aa,,,,,,,,,,,,,,,,,0|i000wn:,,,,,,,,,,To Do,04/Jul/26 5:09 PM
Test Data API GET /testData/:entity gets remote mock data for transactions,SCRUM-147,10178,Test,To Do,SCRUM,Bug Tracking,software,Shenyi,5ff0d9741051d100756df8aa,,Medium,,,,Shenyi,5ff0d9741051d100756df8aa,Shenyi,5ff0d9741051d100756df8aa,04/Jul/26 5:09 PM,04/Jul/26 5:09 PM,,,,0,,,Shenyi,5ff0d9741051d100756df8aa,,,,,,,,,,,,,,,,,0|i000wf:,,,,,,,,,,To Do,04/Jul/26 5:09 PM
Test Data API GET /testData/:entity gets remote mock data for notifications,SCRUM-146,10177,Test,To Do,SCRUM,Bug Tracking,software,Shenyi,5ff0d9741051d100756df8aa,,Medium,,,,Shenyi,5ff0d9741051d100756df8aa,Shenyi,5ff0d9741051d100756df8aa,04/Jul/26 5:09 PM,04/Jul/26 5:09 PM,,,,0,,,Shenyi,5ff0d9741051d100756df8aa,,,,,,,,,,,,,,,,,0|i000w7:,,,,,,,,,,To Do,04/Jul/26 5:09 PM
Test Data API GET /testData/:entity gets remote mock data for bankaccounts,SCRUM-145,10176,Test,To Do,SCRUM,Bug Tracking,software,Shenyi,5ff0d9741051d100756df8aa,,Medium,,,,Shenyi,5ff0d9741051d100756df8aa,Shenyi,5ff0d9741051d100756df8aa,04/Jul/26 5:09 PM,04/Jul/26 5:09 PM,,,,0,,,Shenyi,5ff0d9741051d100756df8aa,,,,,,,,,,,,,,,,,0|i000vz:,,,,,,,,,,To Do,04/Jul/26 5:09 PM
Test Data API GET /testData/:entity gets remote mock data for contacts,SCRUM-144,10175,Test,To Do,SCRUM,Bug Tracking,software,Shenyi,5ff0d9741051d100756df8aa,,Medium,,,,Shenyi,5ff0d9741051d100756df8aa,Shenyi,5ff0d9741051d100756df8aa,04/Jul/26 5:09 PM,04/Jul/26 5:09 PM,,,,0,,,Shenyi,5ff0d9741051d100756df8aa,,,,,,,,,,,,,,,,,0|i000vr:,,,,,,,,,,To Do,04/Jul/26 5:09 PM
Test Data API GET /testData/:entity gets remote mock data for users,SCRUM-143,10174,Test,To Do,SCRUM,Bug Tracking,software,Shenyi,5ff0d9741051d100756df8aa,,Medium,,,,Shenyi,5ff0d9741051d100756df8aa,Shenyi,5ff0d9741051d100756df8aa,04/Jul/26 5:09 PM,04/Jul/26 5:09 PM,,,,0,,,Shenyi,5ff0d9741051d100756df8aa,,,,,,,,,,,,,,,,,0|i000vj:,,,,,,,,,,To Do,04/Jul/26 5:09 PM
Notifications API PATCH /notifications/:notificationId errors when invalid field sent,SCRUM-142,10173,Test,To Do,SCRUM,Bug Tracking,software,Shenyi,5ff0d9741051d100756df8aa,,Medium,,,,Shenyi,5ff0d9741051d100756df8aa,Shenyi,5ff0d9741051d100756df8aa,04/Jul/26 5:09 PM,04/Jul/26 5:09 PM,,,,0,,,Shenyi,5ff0d9741051d100756df8aa,,,,,,,,,,,,,,,,,0|i000vb:,,,,,,,,,,To Do,04/Jul/26 5:09 PM
Notifications API PATCH /notifications/:notificationId updates a notification,SCRUM-141,10172,Test,To Do,SCRUM,Bug Tracking,software,Shenyi,5ff0d9741051d100756df8aa,,Medium,,,,Shenyi,5ff0d9741051d100756df8aa,Shenyi,5ff0d9741051d100756df8aa,04/Jul/26 5:09 PM,04/Jul/26 5:09 PM,,,,0,,,Shenyi,5ff0d9741051d100756df8aa,,,,,,,,,,,,,,,,,0|i000v3:,,,,,,,,,,To Do,04/Jul/26 5:09 PM
"Notifications API POST /notifications creates notifications for transaction, like and comment",SCRUM-140,10171,Test,To Do,SCRUM,Bug Tracking,software,Shenyi,5ff0d9741051d100756df8aa,,Medium,,,,Shenyi,5ff0d9741051d100756df8aa,Shenyi,5ff0d9741051d100756df8aa,04/Jul/26 5:09 PM,04/Jul/26 5:09 PM,,,,0,,,Shenyi,5ff0d9741051d100756df8aa,,,,,,,,,,,,,,,,,0|i000uv:,,,,,,,,,,To Do,04/Jul/26 5:09 PM
Notifications API GET /notifications gets a list of notifications for a user,SCRUM-139,10170,Test,To Do,SCRUM,Bug Tracking,software,Shenyi,5ff0d9741051d100756df8aa,,Medium,,,,Shenyi,5ff0d9741051d100756df8aa,Shenyi,5ff0d9741051d100756df8aa,04/Jul/26 5:09 PM,04/Jul/26 5:09 PM,,,,0,,,Shenyi,5ff0d9741051d100756df8aa,,,,,,,,,,,,,,,,,0|i000un:,,,,,,,,,,To Do,04/Jul/26 5:09 PM
Likes API POST /likes/:transactionId creates a new like for a transaction,SCRUM-138,10169,Test,To Do,SCRUM,Bug Tracking,software,Shenyi,5ff0d9741051d100756df8aa,,Medium,,,,Shenyi,5ff0d9741051d100756df8aa,Shenyi,5ff0d9741051d100756df8aa,04/Jul/26 5:09 PM,04/Jul/26 5:09 PM,,,,0,,,Shenyi,5ff0d9741051d100756df8aa,,,,,,,,,,,,,,,,,0|i000uf:,,,,,,,,,,To Do,04/Jul/26 5:09 PM
Likes API GET /likes/:transactionId gets a list of likes for a transaction,SCRUM-137,10168,Test,To Do,SCRUM,Bug Tracking,software,Shenyi,5ff0d9741051d100756df8aa,,Medium,,,,Shenyi,5ff0d9741051d100756df8aa,Shenyi,5ff0d9741051d100756df8aa,04/Jul/26 5:09 PM,04/Jul/26 5:09 PM,,,,0,,,Shenyi,5ff0d9741051d100756df8aa,,,,,,,,,,,,,,,,,0|i000u7:,,,,,,,,,,To Do,04/Jul/26 5:09 PM
Contacts API DELETE /contacts/:contactId deletes a contact,SCRUM-136,10167,Test,To Do,SCRUM,Bug Tracking,software,Shenyi,5ff0d9741051d100756df8aa,,Medium,,,,Shenyi,5ff0d9741051d100756df8aa,Shenyi,5ff0d9741051d100756df8aa,04/Jul/26 5:09 PM,04/Jul/26 5:09 PM,,,,0,,,Shenyi,5ff0d9741051d100756df8aa,,,,,,,,,,,,,,,,,0|i000tz:,,,,,,,,,,To Do,04/Jul/26 5:09 PM
Contacts API POST /contacts errors when invalid contactUserId,SCRUM-135,10166,Test,To Do,SCRUM,Bug Tracking,software,Shenyi,5ff0d9741051d100756df8aa,,Medium,,,,Shenyi,5ff0d9741051d100756df8aa,Shenyi,5ff0d9741051d100756df8aa,04/Jul/26 5:09 PM,04/Jul/26 5:09 PM,,,,0,,,Shenyi,5ff0d9741051d100756df8aa,,,,,,,,,,,,,,,,,0|i000tr:,,,,,,,,,,To Do,04/Jul/26 5:09 PM
Contacts API POST /contacts creates a new contact,SCRUM-134,10165,Test,To Do,SCRUM,Bug Tracking,software,Shenyi,5ff0d9741051d100756df8aa,,Medium,,,,Shenyi,5ff0d9741051d100756df8aa,Shenyi,5ff0d9741051d100756df8aa,04/Jul/26 5:09 PM,04/Jul/26 5:09 PM,,,,0,,,Shenyi,5ff0d9741051d100756df8aa,,,,,,,,,,,,,,,,,0|i000tj:,,,,,,,,,,To Do,04/Jul/26 5:09 PM
Contacts API GET /contacts/:username gets a list of contacts by username,SCRUM-133,10164,Test,To Do,SCRUM,Bug Tracking,software,Shenyi,5ff0d9741051d100756df8aa,,Medium,,,,Shenyi,5ff0d9741051d100756df8aa,Shenyi,5ff0d9741051d100756df8aa,04/Jul/26 5:09 PM,04/Jul/26 5:09 PM,,,,0,,,Shenyi,5ff0d9741051d100756df8aa,,,,,,,,,,,,,,,,,0|i000tb:,,,,,,,,,,To Do,04/Jul/26 5:09 PM
Comments API POST /comments/:transactionId creates a new comment for a transaction,SCRUM-132,10163,Test,To Do,SCRUM,Bug Tracking,software,Shenyi,5ff0d9741051d100756df8aa,,Medium,,,,Shenyi,5ff0d9741051d100756df8aa,Shenyi,5ff0d9741051d100756df8aa,04/Jul/26 5:09 PM,04/Jul/26 5:09 PM,,,,0,,,Shenyi,5ff0d9741051d100756df8aa,,,,,,,,,,,,,,,,,0|i000t3:,,,,,,,,,,To Do,04/Jul/26 5:09 PM
Comments API GET /comments/:transactionId gets a list of comments for a transaction,SCRUM-131,10162,Test,To Do,SCRUM,Bug Tracking,software,Shenyi,5ff0d9741051d100756df8aa,,Medium,,,,Shenyi,5ff0d9741051d100756df8aa,Shenyi,5ff0d9741051d100756df8aa,04/Jul/26 5:09 PM,04/Jul/26 5:09 PM,,,,0,,,Shenyi,5ff0d9741051d100756df8aa,,,,,,,,,,,,,,,,,0|i000sv:,,,,,,,,,,To Do,04/Jul/26 5:09 PM
Bank Transfer API GET /bankTransfer gets a list of bank transfers for user,SCRUM-130,10161,Test,To Do,SCRUM,Bug Tracking,software,Shenyi,5ff0d9741051d100756df8aa,,Medium,,,,Shenyi,5ff0d9741051d100756df8aa,Shenyi,5ff0d9741051d100756df8aa,04/Jul/26 5:09 PM,04/Jul/26 5:09 PM,,,,0,,,Shenyi,5ff0d9741051d100756df8aa,,,,,,,,,,,,,,,,,0|i000sn:,,,,,,,,,,To Do,04/Jul/26 5:09 PM
Bank Accounts API /graphql deletes a bank account,SCRUM-129,10160,Test,To Do,SCRUM,Bug Tracking,software,Shenyi,5ff0d9741051d100756df8aa,,Medium,,,,Shenyi,5ff0d9741051d100756df8aa,Shenyi,5ff0d9741051d100756df8aa,04/Jul/26 5:09 PM,04/Jul/26 5:09 PM,,,,0,,,Shenyi,5ff0d9741051d100756df8aa,,,,,,,,,,,,,,,,,0|i000sf:,,,,,,,,,,To Do,04/Jul/26 5:09 PM
Bank Accounts API /graphql creates a new bank account,SCRUM-128,10159,Test,To Do,SCRUM,Bug Tracking,software,Shenyi,5ff0d9741051d100756df8aa,,Medium,,,,Shenyi,5ff0d9741051d100756df8aa,Shenyi,5ff0d9741051d100756df8aa,04/Jul/26 5:09 PM,04/Jul/26 5:09 PM,,,,0,,,Shenyi,5ff0d9741051d100756df8aa,,,,,,,,,,,,,,,,,0|i000s7:,,,,,,,,,,To Do,04/Jul/26 5:09 PM
Bank Accounts API /graphql gets a list of bank accounts for user,SCRUM-127,10158,Test,To Do,SCRUM,Bug Tracking,software,Shenyi,5ff0d9741051d100756df8aa,,Medium,,,,Shenyi,5ff0d9741051d100756df8aa,Shenyi,5ff0d9741051d100756df8aa,04/Jul/26 5:09 PM,04/Jul/26 5:09 PM,,,,0,,,Shenyi,5ff0d9741051d100756df8aa,,,,,,,,,,,,,,,,,0|i000rz:,,,,,,,,,,To Do,04/Jul/26 5:09 PM
Bank Accounts API DELETE /contacts/:bankAccountId deletes a bank account,SCRUM-126,10157,Test,To Do,SCRUM,Bug Tracking,software,Shenyi,5ff0d9741051d100756df8aa,,Medium,,,,Shenyi,5ff0d9741051d100756df8aa,Shenyi,5ff0d9741051d100756df8aa,04/Jul/26 5:09 PM,04/Jul/26 5:09 PM,,,,0,,,Shenyi,5ff0d9741051d100756df8aa,,,,,,,,,,,,,,,,,0|i000rr:,,,,,,,,,,To Do,04/Jul/26 5:09 PM
Bank Accounts API POST /bankAccounts creates a new bank account,SCRUM-125,10156,Test,To Do,SCRUM,Bug Tracking,software,Shenyi,5ff0d9741051d100756df8aa,,Medium,,,,Shenyi,5ff0d9741051d100756df8aa,Shenyi,5ff0d9741051d100756df8aa,04/Jul/26 5:09 PM,04/Jul/26 5:09 PM,,,,0,,,Shenyi,5ff0d9741051d100756df8aa,,,,,,,,,,,,,,,,,0|i000rj:,,,,,,,,,,To Do,04/Jul/26 5:09 PM
Bank Accounts API GET /bankAccounts/:bankAccountId gets a bank account,SCRUM-124,10155,Test,To Do,SCRUM,Bug Tracking,software,Shenyi,5ff0d9741051d100756df8aa,,Medium,,,,Shenyi,5ff0d9741051d100756df8aa,Shenyi,5ff0d9741051d100756df8aa,04/Jul/26 5:09 PM,04/Jul/26 5:09 PM,,,,0,,,Shenyi,5ff0d9741051d100756df8aa,,,,,,,,,,,,,,,,,0|i000rb:,,,,,,,,,,To Do,04/Jul/26 5:09 PM
Bank Accounts API GET /bankAccounts gets a list of bank accounts for user,SCRUM-123,10154,Test,To Do,SCRUM,Bug Tracking,software,Shenyi,5ff0d9741051d100756df8aa,,Medium,,,,Shenyi,5ff0d9741051d100756df8aa,Shenyi,5ff0d9741051d100756df8aa,04/Jul/26 5:09 PM,04/Jul/26 5:09 PM,,,,0,,,Shenyi,5ff0d9741051d100756df8aa,,,,,,,,,,,,,,,,,0|i000r3:,,,,,,,,,,To Do,04/Jul/26 5:09 PM
Cypress Execution - index.html_2026-07-02T080421-0600,SCRUM-122,10153,Test Execution,To Do,SCRUM,Bug Tracking,software,Shenyi,5ff0d9741051d100756df8aa,,Medium,,,,Shenyi,5ff0d9741051d100756df8aa,Shenyi,5ff0d9741051d100756df8aa,04/Jul/26 5:09 PM,04/Jul/26 5:09 PM,,,,0,,,Shenyi,5ff0d9741051d100756df8aa,,,,,,,,,,,,,,,,,0|i000qv:,,,,,,,,,,To Do,04/Jul/26 5:09 PM
"User Settings updates first name, last name, email and phone number",SCRUM-121,10152,Test,To Do,SCRUM,Bug Tracking,software,Shenyi,5ff0d9741051d100756df8aa,,Medium,,,,Shenyi,5ff0d9741051d100756df8aa,Shenyi,5ff0d9741051d100756df8aa,04/Jul/26 4:49 PM,04/Jul/26 4:49 PM,,,,0,,,Shenyi,5ff0d9741051d100756df8aa,,,,,,,,,,,,,,,,,0|i000qn:,,,,,,,,,,To Do,04/Jul/26 4:49 PM
User Settings should display user setting form errors,SCRUM-120,10151,Test,To Do,SCRUM,Bug Tracking,software,Shenyi,5ff0d9741051d100756df8aa,,Medium,,,,Shenyi,5ff0d9741051d100756df8aa,Shenyi,5ff0d9741051d100756df8aa,04/Jul/26 4:49 PM,04/Jul/26 4:49 PM,,,,0,,,Shenyi,5ff0d9741051d100756df8aa,,,,,,,,,,,,,,,,,0|i000qf:,,,,,,,,,,To Do,04/Jul/26 4:49 PM
User Settings renders the user settings form,SCRUM-119,10150,Test,To Do,SCRUM,Bug Tracking,software,Shenyi,5ff0d9741051d100756df8aa,,Medium,,,,Shenyi,5ff0d9741051d100756df8aa,Shenyi,5ff0d9741051d100756df8aa,04/Jul/26 4:49 PM,04/Jul/26 4:49 PM,,,,0,,,Shenyi,5ff0d9741051d100756df8aa,,,,,,,,,,,,,,,,,0|i000q7:,,,,,,,,,,To Do,04/Jul/26 4:49 PM
Transaction View does not display accept/reject buttons on completed request,SCRUM-118,10149,Test,To Do,SCRUM,Bug Tracking,software,Shenyi,5ff0d9741051d100756df8aa,,Medium,,,,Shenyi,5ff0d9741051d100756df8aa,Shenyi,5ff0d9741051d100756df8aa,04/Jul/26 4:49 PM,04/Jul/26 4:49 PM,,,,0,,,Shenyi,5ff0d9741051d100756df8aa,,,,,,,,,,,,,,,,,0|i000pz:,,,,,,,,,,To Do,04/Jul/26 4:49 PM
Transaction View rejects a transaction request,SCRUM-117,10148,Test,To Do,SCRUM,Bug Tracking,software,Shenyi,5ff0d9741051d100756df8aa,,Medium,,,,Shenyi,5ff0d9741051d100756df8aa,Shenyi,5ff0d9741051d100756df8aa,04/Jul/26 4:49 PM,04/Jul/26 4:49 PM,,,,0,,,Shenyi,5ff0d9741051d100756df8aa,,,,,,,,,,,,,,,,,0|i000pr:,,,,,,,,,,To Do,04/Jul/26 4:49 PM
Transaction View accepts a transaction request,SCRUM-116,10147,Test,To Do,SCRUM,Bug Tracking,software,Shenyi,5ff0d9741051d100756df8aa,,Medium,,,,Shenyi,5ff0d9741051d100756df8aa,Shenyi,5ff0d9741051d100756df8aa,04/Jul/26 4:49 PM,04/Jul/26 4:49 PM,,,,0,,,Shenyi,5ff0d9741051d100756df8aa,,,,,,,,,,,,,,,,,0|i000pj:,,,,,,,,,,To Do,04/Jul/26 4:49 PM
Transaction View comments on a transaction,SCRUM-115,10146,Test,To Do,SCRUM,Bug Tracking,software,Shenyi,5ff0d9741051d100756df8aa,,Medium,,,,Shenyi,5ff0d9741051d100756df8aa,Shenyi,5ff0d9741051d100756df8aa,04/Jul/26 4:49 PM,04/Jul/26 4:49 PM,,,,0,,,Shenyi,5ff0d9741051d100756df8aa,,,,,,,,,,,,,,,,,0|i000pb:,,,,,,,,,,To Do,04/Jul/26 4:49 PM
Transaction View likes a transaction,SCRUM-114,10145,Test,To Do,SCRUM,Bug Tracking,software,Shenyi,5ff0d9741051d100756df8aa,,Medium,,,,Shenyi,5ff0d9741051d100756df8aa,Shenyi,5ff0d9741051d100756df8aa,04/Jul/26 4:49 PM,04/Jul/26 4:49 PM,,,,0,,,Shenyi,5ff0d9741051d100756df8aa,,,,,,,,,,,,,,,,,0|i000p3:,,,,,,,,,,To Do,04/Jul/26 4:49 PM
Transaction View transactions navigation tabs are hidden on a transaction view page,SCRUM-113,10144,Test,To Do,SCRUM,Bug Tracking,software,Shenyi,5ff0d9741051d100756df8aa,,Medium,,,,Shenyi,5ff0d9741051d100756df8aa,Shenyi,5ff0d9741051d100756df8aa,04/Jul/26 4:49 PM,04/Jul/26 4:49 PM,,,,0,,,Shenyi,5ff0d9741051d100756df8aa,,,,,,,,,,,,,,,,,0|i000ov:,,,,,,,,,,To Do,04/Jul/26 4:49 PM
Transaction Feed Feed Item Visibility friends feed only shows contact transactions,SCRUM-112,10143,Test,To Do,SCRUM,Bug Tracking,software,Shenyi,5ff0d9741051d100756df8aa,,Medium,,,,Shenyi,5ff0d9741051d100756df8aa,Shenyi,5ff0d9741051d100756df8aa,04/Jul/26 4:49 PM,04/Jul/26 4:49 PM,,,,0,,,Shenyi,5ff0d9741051d100756df8aa,,,,,,,,,,,,,,,,,0|i000on:,,,,,,,,,,To Do,04/Jul/26 4:49 PM
Transaction Feed Feed Item Visibility first five items belong to contacts in public feed,SCRUM-111,10142,Test,To Do,SCRUM,Bug Tracking,software,Shenyi,5ff0d9741051d100756df8aa,,Medium,,,,Shenyi,5ff0d9741051d100756df8aa,Shenyi,5ff0d9741051d100756df8aa,04/Jul/26 4:49 PM,04/Jul/26 4:49 PM,,,,0,,,Shenyi,5ff0d9741051d100756df8aa,,,,,,,,,,,,,,,,,0|i000of:,,,,,,,,,,To Do,04/Jul/26 4:49 PM
Transaction Feed Feed Item Visibility mine feed only shows personal transactions,SCRUM-110,10141,Test,To Do,SCRUM,Bug Tracking,software,Shenyi,5ff0d9741051d100756df8aa,,Medium,,,,Shenyi,5ff0d9741051d100756df8aa,Shenyi,5ff0d9741051d100756df8aa,04/Jul/26 4:49 PM,04/Jul/26 4:49 PM,,,,0,,,Shenyi,5ff0d9741051d100756df8aa,,,,,,,,,,,,,,,,,0|i000o7:,,,,,,,,,,To Do,04/Jul/26 4:49 PM
Transaction Feed filters transaction feeds by amount range does not show personal transactions for out of range amount limits,SCRUM-109,10140,Test,To Do,SCRUM,Bug Tracking,software,Shenyi,5ff0d9741051d100756df8aa,,Medium,,,,Shenyi,5ff0d9741051d100756df8aa,Shenyi,5ff0d9741051d100756df8aa,04/Jul/26 4:49 PM,04/Jul/26 4:49 PM,,,,0,,,Shenyi,5ff0d9741051d100756df8aa,,,,,,,,,,,,,,,,,0|i000nz:,,,,,,,,,,To Do,04/Jul/26 4:49 PM
Transaction Feed filters transaction feeds by amount range filters personal transaction feed by amount range,SCRUM-108,10139,Test,To Do,SCRUM,Bug Tracking,software,Shenyi,5ff0d9741051d100756df8aa,,Medium,,,,Shenyi,5ff0d9741051d100756df8aa,Shenyi,5ff0d9741051d100756df8aa,04/Jul/26 4:49 PM,04/Jul/26 4:49 PM,,,,0,,,Shenyi,5ff0d9741051d100756df8aa,,,,,,,,,,,,,,,,,0|i000nr:,,,,,,,,,,To Do,04/Jul/26 4:49 PM
Transaction Feed filters transaction feeds by amount range does not show contacts transactions for out of range amount limits,SCRUM-107,10138,Test,To Do,SCRUM,Bug Tracking,software,Shenyi,5ff0d9741051d100756df8aa,,Medium,,,,Shenyi,5ff0d9741051d100756df8aa,Shenyi,5ff0d9741051d100756df8aa,04/Jul/26 4:49 PM,04/Jul/26 4:49 PM,,,,0,,,Shenyi,5ff0d9741051d100756df8aa,,,,,,,,,,,,,,,,,0|i000nj:,,,,,,,,,,To Do,04/Jul/26 4:49 PM
Transaction Feed filters transaction feeds by amount range filters contacts transaction feed by amount range,SCRUM-106,10137,Test,To Do,SCRUM,Bug Tracking,software,Shenyi,5ff0d9741051d100756df8aa,,Medium,,,,Shenyi,5ff0d9741051d100756df8aa,Shenyi,5ff0d9741051d100756df8aa,04/Jul/26 4:49 PM,04/Jul/26 4:49 PM,,,,0,,,Shenyi,5ff0d9741051d100756df8aa,,,,,,,,,,,,,,,,,0|i000nb:,,,,,,,,,,To Do,04/Jul/26 4:49 PM
Transaction Feed filters transaction feeds by amount range does not show public transactions for out of range amount limits,SCRUM-105,10136,Test,To Do,SCRUM,Bug Tracking,software,Shenyi,5ff0d9741051d100756df8aa,,Medium,,,,Shenyi,5ff0d9741051d100756df8aa,Shenyi,5ff0d9741051d100756df8aa,04/Jul/26 4:49 PM,04/Jul/26 4:49 PM,,,,0,,,Shenyi,5ff0d9741051d100756df8aa,,,,,,,,,,,,,,,,,0|i000n3:,,,,,,,,,,To Do,04/Jul/26 4:49 PM
Transaction Feed filters transaction feeds by amount range filters public transaction feed by amount range,SCRUM-104,10135,Test,To Do,SCRUM,Bug Tracking,software,Shenyi,5ff0d9741051d100756df8aa,,Medium,,,,Shenyi,5ff0d9741051d100756df8aa,Shenyi,5ff0d9741051d100756df8aa,04/Jul/26 4:49 PM,04/Jul/26 4:49 PM,,,,0,,,Shenyi,5ff0d9741051d100756df8aa,,,,,,,,,,,,,,,,,0|i000mv:,,,,,,,,,,To Do,04/Jul/26 4:49 PM
Transaction Feed filters transaction feeds by date range does not show personal transactions for out of range date limits,SCRUM-103,10134,Test,To Do,SCRUM,Bug Tracking,software,Shenyi,5ff0d9741051d100756df8aa,,Medium,,,,Shenyi,5ff0d9741051d100756df8aa,Shenyi,5ff0d9741051d100756df8aa,04/Jul/26 4:49 PM,04/Jul/26 4:49 PM,,,,0,,,Shenyi,5ff0d9741051d100756df8aa,,,,,,,,,,,,,,,,,0|i000mn:,,,,,,,,,,To Do,04/Jul/26 4:49 PM
Transaction Feed filters transaction feeds by date range filters personal transaction feed by date range,SCRUM-102,10133,Test,To Do,SCRUM,Bug Tracking,software,Shenyi,5ff0d9741051d100756df8aa,,Medium,,,,Shenyi,5ff0d9741051d100756df8aa,Shenyi,5ff0d9741051d100756df8aa,04/Jul/26 4:49 PM,04/Jul/26 4:49 PM,,,,0,,,Shenyi,5ff0d9741051d100756df8aa,,,,,,,,,,,,,,,,,0|i000mf:,,,,,,,,,,To Do,04/Jul/26 4:49 PM
Transaction Feed filters transaction feeds by date range does not show contacts transactions for out of range date limits,SCRUM-101,10132,Test,To Do,SCRUM,Bug Tracking,software,Shenyi,5ff0d9741051d100756df8aa,,Medium,,,,Shenyi,5ff0d9741051d100756df8aa,Shenyi,5ff0d9741051d100756df8aa,04/Jul/26 4:49 PM,04/Jul/26 4:49 PM,,,,0,,,Shenyi,5ff0d9741051d100756df8aa,,,,,,,,,,,,,,,,,0|i000m7:,,,,,,,,,,To Do,04/Jul/26 4:49 PM
Transaction Feed filters transaction feeds by date range filters contacts transaction feed by date range,SCRUM-100,10131,Test,To Do,SCRUM,Bug Tracking,software,Shenyi,5ff0d9741051d100756df8aa,,Medium,,,,Shenyi,5ff0d9741051d100756df8aa,Shenyi,5ff0d9741051d100756df8aa,04/Jul/26 4:49 PM,04/Jul/26 4:49 PM,,,,0,,,Shenyi,5ff0d9741051d100756df8aa,,,,,,,,,,,,,,,,,0|i000lz:,,,,,,,,,,To Do,04/Jul/26 4:49 PM
Transaction Feed filters transaction feeds by date range does not show public transactions for out of range date limits,SCRUM-99,10130,Test,To Do,SCRUM,Bug Tracking,software,Shenyi,5ff0d9741051d100756df8aa,,Medium,,,,Shenyi,5ff0d9741051d100756df8aa,Shenyi,5ff0d9741051d100756df8aa,04/Jul/26 4:49 PM,04/Jul/26 4:49 PM,,,,0,,,Shenyi,5ff0d9741051d100756df8aa,,,,,,,,,,,,,,,,,0|i000lr:,,,,,,,,,,To Do,04/Jul/26 4:49 PM
Transaction Feed filters transaction feeds by date range filters public transaction feed by date range,SCRUM-98,10129,Test,To Do,SCRUM,Bug Tracking,software,Shenyi,5ff0d9741051d100756df8aa,,Medium,,,,Shenyi,5ff0d9741051d100756df8aa,Shenyi,5ff0d9741051d100756df8aa,04/Jul/26 4:49 PM,04/Jul/26 4:49 PM,,,,0,,,Shenyi,5ff0d9741051d100756df8aa,,,,,,,,,,,,,,,,,0|i000lj:,,,,,,,,,,To Do,04/Jul/26 4:49 PM
Transaction Feed renders and paginates all transaction feeds paginates personal transaction feed,SCRUM-97,10128,Test,To Do,SCRUM,Bug Tracking,software,Shenyi,5ff0d9741051d100756df8aa,,Medium,,,,Shenyi,5ff0d9741051d100756df8aa,Shenyi,5ff0d9741051d100756df8aa,04/Jul/26 4:49 PM,04/Jul/26 4:49 PM,,,,0,,,Shenyi,5ff0d9741051d100756df8aa,,,,,,,,,,,,,,,,,0|i000lb:,,,,,,,,,,To Do,04/Jul/26 4:49 PM
Transaction Feed renders and paginates all transaction feeds paginates contacts transaction feed,SCRUM-96,10127,Test,To Do,SCRUM,Bug Tracking,software,Shenyi,5ff0d9741051d100756df8aa,,Medium,,,,Shenyi,5ff0d9741051d100756df8aa,Shenyi,5ff0d9741051d100756df8aa,04/Jul/26 4:49 PM,04/Jul/26 4:49 PM,,,,0,,,Shenyi,5ff0d9741051d100756df8aa,,,,,,,,,,,,,,,,,0|i000l3:,,,,,,,,,,To Do,04/Jul/26 4:49 PM
Transaction Feed renders and paginates all transaction feeds paginates public transaction feed,SCRUM-95,10126,Test,To Do,SCRUM,Bug Tracking,software,Shenyi,5ff0d9741051d100756df8aa,,Medium,,,,Shenyi,5ff0d9741051d100756df8aa,Shenyi,5ff0d9741051d100756df8aa,04/Jul/26 4:49 PM,04/Jul/26 4:49 PM,,,,0,,,Shenyi,5ff0d9741051d100756df8aa,,,,,,,,,,,,,,,,,0|i000kv:,,,,,,,,,,To Do,04/Jul/26 4:49 PM
Transaction Feed renders and paginates all transaction feeds renders transactions item variations in feed,SCRUM-94,10125,Test,To Do,SCRUM,Bug Tracking,software,Shenyi,5ff0d9741051d100756df8aa,,Medium,,,,Shenyi,5ff0d9741051d100756df8aa,Shenyi,5ff0d9741051d100756df8aa,04/Jul/26 4:49 PM,04/Jul/26 4:49 PM,,,,0,,,Shenyi,5ff0d9741051d100756df8aa,,,,,,,,,,,,,,,,,0|i000kn:,,,,,,,,,,To Do,04/Jul/26 4:49 PM
Transaction Feed app layout and responsiveness toggles the navigation drawer,SCRUM-93,10124,Test,To Do,SCRUM,Bug Tracking,software,Shenyi,5ff0d9741051d100756df8aa,,Medium,,,,Shenyi,5ff0d9741051d100756df8aa,Shenyi,5ff0d9741051d100756df8aa,04/Jul/26 4:49 PM,04/Jul/26 4:49 PM,,,,0,,,Shenyi,5ff0d9741051d100756df8aa,,,,,,,,,,,,,,,,,0|i000kf:,,,,,,,,,,To Do,04/Jul/26 4:49 PM
Notifications notifications from user interactions User A sends a payment request to User C,SCRUM-92,10123,Test,To Do,SCRUM,Bug Tracking,software,Shenyi,5ff0d9741051d100756df8aa,,Medium,,,,Shenyi,5ff0d9741051d100756df8aa,Shenyi,5ff0d9741051d100756df8aa,04/Jul/26 4:49 PM,04/Jul/26 4:49 PM,,,,0,,,Shenyi,5ff0d9741051d100756df8aa,,,,,,,,,,,,,,,,,0|i000k7:,,,,,,,,,,To Do,04/Jul/26 4:49 PM
Notifications notifications from user interactions User A sends a payment to User B,SCRUM-91,10122,Test,To Do,SCRUM,Bug Tracking,software,Shenyi,5ff0d9741051d100756df8aa,,Medium,,,,Shenyi,5ff0d9741051d100756df8aa,Shenyi,5ff0d9741051d100756df8aa,04/Jul/26 4:49 PM,04/Jul/26 4:49 PM,,,,0,,,Shenyi,5ff0d9741051d100756df8aa,,,,,,,,,,,,,,,,,0|i000jz:,,,,,,,,,,To Do,04/Jul/26 4:49 PM
Notifications notifications from user interactions User C comments on a transaction between User A and User B; User A and B get notifications that User C commented on their transaction,SCRUM-90,10121,Test,To Do,SCRUM,Bug Tracking,software,Shenyi,5ff0d9741051d100756df8aa,,Medium,,,,Shenyi,5ff0d9741051d100756df8aa,Shenyi,5ff0d9741051d100756df8aa,04/Jul/26 4:49 PM,04/Jul/26 4:49 PM,,,,0,,,Shenyi,5ff0d9741051d100756df8aa,,,,,,,,,,,,,,,,,0|i000jr:,,,,,,,,,,To Do,04/Jul/26 4:49 PM
Notifications notifications from user interactions User A comments on a transaction of User B; User B gets notification that User A commented on their transaction,SCRUM-89,10120,Test,To Do,SCRUM,Bug Tracking,software,Shenyi,5ff0d9741051d100756df8aa,,Medium,,,,Shenyi,5ff0d9741051d100756df8aa,Shenyi,5ff0d9741051d100756df8aa,04/Jul/26 4:49 PM,04/Jul/26 4:49 PM,,,,0,,,Shenyi,5ff0d9741051d100756df8aa,,,,,,,,,,,,,,,,,0|i000jj:,,,,,,,,,,To Do,04/Jul/26 4:49 PM
Notifications notifications from user interactions User C likes a transaction between User A and User B; User A and User B get notifications that User C liked transaction,SCRUM-88,10119,Test,To Do,SCRUM,Bug Tracking,software,Shenyi,5ff0d9741051d100756df8aa,,Medium,,,,Shenyi,5ff0d9741051d100756df8aa,Shenyi,5ff0d9741051d100756df8aa,04/Jul/26 4:49 PM,04/Jul/26 4:49 PM,,,,0,,,Shenyi,5ff0d9741051d100756df8aa,,,,,,,,,,,,,,,,,0|i000jb:,,,,,,,,,,To Do,04/Jul/26 4:49 PM
Notifications notifications from user interactions User A likes a transaction of User B; User B gets notification that User A liked transaction ,SCRUM-87,10118,Test,To Do,SCRUM,Bug Tracking,software,Shenyi,5ff0d9741051d100756df8aa,,Medium,,,,Shenyi,5ff0d9741051d100756df8aa,Shenyi,5ff0d9741051d100756df8aa,04/Jul/26 4:49 PM,04/Jul/26 4:49 PM,,,,0,,,Shenyi,5ff0d9741051d100756df8aa,,,,,,,,,,,,,,,,,0|i000j3:,,,,,,,,,,To Do,04/Jul/26 4:49 PM
Notifications renders an empty notifications state,SCRUM-86,10117,Test,To Do,SCRUM,Bug Tracking,software,Shenyi,5ff0d9741051d100756df8aa,,Medium,,,,Shenyi,5ff0d9741051d100756df8aa,Shenyi,5ff0d9741051d100756df8aa,04/Jul/26 4:49 PM,04/Jul/26 4:49 PM,,,,0,,,Shenyi,5ff0d9741051d100756df8aa,,,,,,,,,,,,,,,,,0|i000iv:,,,,,,,,,,To Do,04/Jul/26 4:49 PM
New Transaction searches for a user by attribute phoneNumber,SCRUM-85,10116,Test,To Do,SCRUM,Bug Tracking,software,Shenyi,5ff0d9741051d100756df8aa,,Medium,,,,Shenyi,5ff0d9741051d100756df8aa,Shenyi,5ff0d9741051d100756df8aa,04/Jul/26 4:49 PM,04/Jul/26 4:49 PM,,,,0,,,Shenyi,5ff0d9741051d100756df8aa,,,,,,,,,,,,,,,,,0|i000in:,,,,,,,,,,To Do,04/Jul/26 4:49 PM
New Transaction searches for a user by attribute email,SCRUM-84,10115,Test,To Do,SCRUM,Bug Tracking,software,Shenyi,5ff0d9741051d100756df8aa,,Medium,,,,Shenyi,5ff0d9741051d100756df8aa,Shenyi,5ff0d9741051d100756df8aa,04/Jul/26 4:49 PM,04/Jul/26 4:49 PM,,,,0,,,Shenyi,5ff0d9741051d100756df8aa,,,,,,,,,,,,,,,,,0|i000if:,,,,,,,,,,To Do,04/Jul/26 4:49 PM
New Transaction searches for a user by attribute username,SCRUM-83,10114,Test,To Do,SCRUM,Bug Tracking,software,Shenyi,5ff0d9741051d100756df8aa,,Medium,,,,Shenyi,5ff0d9741051d100756df8aa,Shenyi,5ff0d9741051d100756df8aa,04/Jul/26 4:49 PM,04/Jul/26 4:49 PM,,,,0,,,Shenyi,5ff0d9741051d100756df8aa,,,,,,,,,,,,,,,,,0|i000i7:,,,,,,,,,,To Do,04/Jul/26 4:49 PM
New Transaction searches for a user by attribute lastName,SCRUM-82,10113,Test,To Do,SCRUM,Bug Tracking,software,Shenyi,5ff0d9741051d100756df8aa,,Medium,,,,Shenyi,5ff0d9741051d100756df8aa,Shenyi,5ff0d9741051d100756df8aa,04/Jul/26 4:49 PM,04/Jul/26 4:49 PM,,,,0,,,Shenyi,5ff0d9741051d100756df8aa,,,,,,,,,,,,,,,,,0|i000hz:,,,,,,,,,,To Do,04/Jul/26 4:49 PM
New Transaction searches for a user by attribute firstName,SCRUM-81,10112,Test,To Do,SCRUM,Bug Tracking,software,Shenyi,5ff0d9741051d100756df8aa,,Medium,,,,Shenyi,5ff0d9741051d100756df8aa,Shenyi,5ff0d9741051d100756df8aa,04/Jul/26 4:49 PM,04/Jul/26 4:49 PM,,,,0,,,Shenyi,5ff0d9741051d100756df8aa,,,,,,,,,,,,,,,,,0|i000hr:,,,,,,,,,,To Do,04/Jul/26 4:49 PM
New Transaction submits a transaction request and accepts the request for the receiver,SCRUM-80,10111,Test,To Do,SCRUM,Bug Tracking,software,Shenyi,5ff0d9741051d100756df8aa,,Medium,,,,Shenyi,5ff0d9741051d100756df8aa,Shenyi,5ff0d9741051d100756df8aa,04/Jul/26 4:49 PM,04/Jul/26 4:49 PM,,,,0,,,Shenyi,5ff0d9741051d100756df8aa,,,,,,,,,,,,,,,,,0|i000hj:,,,,,,,,,,To Do,04/Jul/26 4:49 PM
New Transaction submits a transaction payment and verifies the deposit for the receiver,SCRUM-79,10110,Test,To Do,SCRUM,Bug Tracking,software,Shenyi,5ff0d9741051d100756df8aa,,Medium,,,,Shenyi,5ff0d9741051d100756df8aa,Shenyi,5ff0d9741051d100756df8aa,04/Jul/26 4:49 PM,04/Jul/26 4:49 PM,,,,0,,,Shenyi,5ff0d9741051d100756df8aa,,,,,,,,,,,,,,,,,0|i000hb:,,,,,,,,,,To Do,04/Jul/26 4:49 PM
New Transaction displays new transaction errors,SCRUM-78,10109,Test,To Do,SCRUM,Bug Tracking,software,Shenyi,5ff0d9741051d100756df8aa,,Medium,,,,Shenyi,5ff0d9741051d100756df8aa,Shenyi,5ff0d9741051d100756df8aa,04/Jul/26 4:49 PM,04/Jul/26 4:49 PM,,,,0,,,Shenyi,5ff0d9741051d100756df8aa,,,,,,,,,,,,,,,,,0|i000h3:,,,,,,,,,,To Do,04/Jul/26 4:49 PM
"New Transaction navigates to the new transaction form, selects a user and submits a transaction request",SCRUM-77,10108,Test,To Do,SCRUM,Bug Tracking,software,Shenyi,5ff0d9741051d100756df8aa,,Medium,,,,Shenyi,5ff0d9741051d100756df8aa,Shenyi,5ff0d9741051d100756df8aa,04/Jul/26 4:49 PM,04/Jul/26 4:49 PM,,,,0,,,Shenyi,5ff0d9741051d100756df8aa,,,,,,,,,,,,,,,,,0|i000gv:,,,,,,,,,,To Do,04/Jul/26 4:49 PM
"New Transaction navigates to the new transaction form, selects a user and submits a transaction payment",SCRUM-76,10107,Test,To Do,SCRUM,Bug Tracking,software,Shenyi,5ff0d9741051d100756df8aa,,Medium,,,,Shenyi,5ff0d9741051d100756df8aa,Shenyi,5ff0d9741051d100756df8aa,04/Jul/26 4:49 PM,04/Jul/26 4:49 PM,,,,0,,,Shenyi,5ff0d9741051d100756df8aa,,,,,,,,,,,,,,,,,0|i000gn:,,,,,,,,,,To Do,04/Jul/26 4:49 PM
Bank Accounts renders an empty bank account list state with onboarding modal,SCRUM-75,10106,Test,To Do,SCRUM,Bug Tracking,software,Shenyi,5ff0d9741051d100756df8aa,,Medium,,,,Shenyi,5ff0d9741051d100756df8aa,Shenyi,5ff0d9741051d100756df8aa,04/Jul/26 4:49 PM,04/Jul/26 4:49 PM,,,,0,,,Shenyi,5ff0d9741051d100756df8aa,,,,,,,,,,,,,,,,,0|i000gf:,,,,,,,,,,To Do,04/Jul/26 4:49 PM
Bank Accounts soft deletes a bank account,SCRUM-74,10105,Test,To Do,SCRUM,Bug Tracking,software,Shenyi,5ff0d9741051d100756df8aa,,Medium,,,,Shenyi,5ff0d9741051d100756df8aa,Shenyi,5ff0d9741051d100756df8aa,04/Jul/26 4:49 PM,04/Jul/26 4:49 PM,,,,0,,,Shenyi,5ff0d9741051d100756df8aa,,,,,,,,,,,,,,,,,0|i000g7:,,,,,,,,,,To Do,04/Jul/26 4:49 PM
Bank Accounts should display bank account form errors,SCRUM-73,10104,Test,To Do,SCRUM,Bug Tracking,software,Shenyi,5ff0d9741051d100756df8aa,,Medium,,,,Shenyi,5ff0d9741051d100756df8aa,Shenyi,5ff0d9741051d100756df8aa,04/Jul/26 4:49 PM,04/Jul/26 4:49 PM,,,,0,,,Shenyi,5ff0d9741051d100756df8aa,,,,,,,,,,,,,,,,,0|i000fz:,,,,,,,,,,To Do,04/Jul/26 4:49 PM
Bank Accounts creates a new bank account,SCRUM-72,10103,Test,To Do,SCRUM,Bug Tracking,software,Shenyi,5ff0d9741051d100756df8aa,,Medium,,,,Shenyi,5ff0d9741051d100756df8aa,Shenyi,5ff0d9741051d100756df8aa,04/Jul/26 4:49 PM,04/Jul/26 4:49 PM,,,,0,,,Shenyi,5ff0d9741051d100756df8aa,,,,,,,,,,,,,,,,,0|i000fr:,,,,,,,,,,To Do,04/Jul/26 4:49 PM
User Sign-up and Login should error for an invalid password for existing user,SCRUM-71,10102,Test,To Do,SCRUM,Bug Tracking,software,Shenyi,5ff0d9741051d100756df8aa,,Medium,,,,Shenyi,5ff0d9741051d100756df8aa,Shenyi,5ff0d9741051d100756df8aa,04/Jul/26 4:49 PM,04/Jul/26 4:49 PM,,,,0,,,Shenyi,5ff0d9741051d100756df8aa,,,,,,,,,,,,,,,,,0|i000fj:,,,,,,,,,,To Do,04/Jul/26 4:49 PM
User Sign-up and Login should error for an invalid user,SCRUM-70,10101,Test,To Do,SCRUM,Bug Tracking,software,Shenyi,5ff0d9741051d100756df8aa,,Medium,,,,Shenyi,5ff0d9741051d100756df8aa,Shenyi,5ff0d9741051d100756df8aa,04/Jul/26 4:49 PM,04/Jul/26 4:49 PM,,,,0,,,Shenyi,5ff0d9741051d100756df8aa,,,,,,,,,,,,,,,,,0|i000fb:,,,,,,,,,,To Do,04/Jul/26 4:49 PM
User Sign-up and Login should display signup errors,SCRUM-69,10100,Test,To Do,SCRUM,Bug Tracking,software,Shenyi,5ff0d9741051d100756df8aa,,Medium,,,,Shenyi,5ff0d9741051d100756df8aa,Shenyi,5ff0d9741051d100756df8aa,04/Jul/26 4:49 PM,04/Jul/26 4:49 PM,,,,0,,,Shenyi,5ff0d9741051d100756df8aa,,,,,,,,,,,,,,,,,0|i000f3:,,,,,,,,,,To Do,04/Jul/26 4:49 PM
User Sign-up and Login should display login errors,SCRUM-68,10099,Test,To Do,SCRUM,Bug Tracking,software,Shenyi,5ff0d9741051d100756df8aa,,Medium,,,,Shenyi,5ff0d9741051d100756df8aa,Shenyi,5ff0d9741051d100756df8aa,04/Jul/26 4:49 PM,04/Jul/26 4:49 PM,,,,0,,,Shenyi,5ff0d9741051d100756df8aa,,,,,,,,,,,,,,,,,0|i000ev:,,,,,,,,,,To Do,04/Jul/26 4:49 PM
"User Sign-up and Login should allow a visitor to sign-up, login, and logout",SCRUM-67,10098,Test,To Do,SCRUM,Bug Tracking,software,Shenyi,5ff0d9741051d100756df8aa,,Medium,,,,Shenyi,5ff0d9741051d100756df8aa,Shenyi,5ff0d9741051d100756df8aa,04/Jul/26 4:49 PM,04/Jul/26 4:49 PM,,,,0,,,Shenyi,5ff0d9741051d100756df8aa,,,,,,,,,,,,,,,,,0|i000en:,,,,,,,,,,To Do,04/Jul/26 4:49 PM
User Sign-up and Login should remember a user for 30 days after login,SCRUM-66,10097,Test,To Do,SCRUM,Bug Tracking,software,Shenyi,5ff0d9741051d100756df8aa,,Medium,,,,Shenyi,5ff0d9741051d100756df8aa,Shenyi,5ff0d9741051d100756df8aa,04/Jul/26 4:49 PM,04/Jul/26 4:49 PM,,,,0,,,Shenyi,5ff0d9741051d100756df8aa,,,,,,,,,,,,,,,,,0|i000ef:,,,,,,,,,,To Do,04/Jul/26 4:49 PM
User Sign-up and Login should redirect to the home page after login,SCRUM-65,10096,Test,To Do,SCRUM,Bug Tracking,software,Shenyi,5ff0d9741051d100756df8aa,,Medium,,,,Shenyi,5ff0d9741051d100756df8aa,Shenyi,5ff0d9741051d100756df8aa,04/Jul/26 4:49 PM,04/Jul/26 4:49 PM,,,,0,,,Shenyi,5ff0d9741051d100756df8aa,,,,,,,,,,,,,,,,,0|i000e7:,,,,,,,,,,To Do,04/Jul/26 4:49 PM
User Sign-up and Login should redirect unauthenticated user to signin page,SCRUM-64,10095,Test,To Do,SCRUM,Bug Tracking,software,Shenyi,5ff0d9741051d100756df8aa,,Medium,,,,Shenyi,5ff0d9741051d100756df8aa,Shenyi,5ff0d9741051d100756df8aa,04/Jul/26 4:49 PM,04/Jul/26 4:49 PM,,,,0,,,Shenyi,5ff0d9741051d100756df8aa,,,,,,,,,,,,,,,,,0|i000dz:,,,,,,,,,,To Do,04/Jul/26 4:49 PM
Cypress Studio Demo create new bank account,SCRUM-63,10094,Test,To Do,SCRUM,Bug Tracking,software,Shenyi,5ff0d9741051d100756df8aa,,Medium,,,,Shenyi,5ff0d9741051d100756df8aa,Shenyi,5ff0d9741051d100756df8aa,04/Jul/26 4:49 PM,04/Jul/26 4:49 PM,,,,0,,,Shenyi,5ff0d9741051d100756df8aa,,,,,,,,,,,,,,,,,0|i000dr:,,,,,,,,,,To Do,04/Jul/26 4:49 PM
Cypress Studio Demo create new transaction,SCRUM-62,10093,Test,To Do,SCRUM,Bug Tracking,software,Shenyi,5ff0d9741051d100756df8aa,,Medium,,,,Shenyi,5ff0d9741051d100756df8aa,Shenyi,5ff0d9741051d100756df8aa,04/Jul/26 4:49 PM,04/Jul/26 4:49 PM,,,,0,,,Shenyi,5ff0d9741051d100756df8aa,,,,,,,,,,,,,,,,,0|i000dj:,,,,,,,,,,To Do,04/Jul/26 4:49 PM
Users API POST /login logs in as a user,SCRUM-61,10092,Test,To Do,SCRUM,Bug Tracking,software,Shenyi,5ff0d9741051d100756df8aa,,Medium,,,,Shenyi,5ff0d9741051d100756df8aa,Shenyi,5ff0d9741051d100756df8aa,04/Jul/26 4:49 PM,04/Jul/26 4:49 PM,04/Jul/26 4:56 PM,,,0,,,Shenyi,5ff0d9741051d100756df8aa,,,,,,,,,,,,,,,,,0|i000db:,,,,,,,,,,To Do,04/Jul/26 4:49 PM
Users API PATCH /users/:userId errors when an invalid field sent,SCRUM-60,10091,Test,To Do,SCRUM,Bug Tracking,software,Shenyi,5ff0d9741051d100756df8aa,,Medium,,,,Shenyi,5ff0d9741051d100756df8aa,Shenyi,5ff0d9741051d100756df8aa,04/Jul/26 4:49 PM,04/Jul/26 4:49 PM,,,,0,,,Shenyi,5ff0d9741051d100756df8aa,,,,,,,,,,,,,,,,,0|i000d3:,,,,,,,,,,To Do,04/Jul/26 4:49 PM
Users API PATCH /users/:userId updates a user,SCRUM-59,10090,Test,To Do,SCRUM,Bug Tracking,software,Shenyi,5ff0d9741051d100756df8aa,,Medium,,,,Shenyi,5ff0d9741051d100756df8aa,Shenyi,5ff0d9741051d100756df8aa,04/Jul/26 4:49 PM,04/Jul/26 4:49 PM,,,,0,,,Shenyi,5ff0d9741051d100756df8aa,,,,,,,,,,,,,,,,,0|i000cv:,,,,,,,,,,To Do,04/Jul/26 4:49 PM
Users API POST /users errors when an invalid field sent,SCRUM-58,10089,Test,To Do,SCRUM,Bug Tracking,software,Shenyi,5ff0d9741051d100756df8aa,,Medium,,,,Shenyi,5ff0d9741051d100756df8aa,Shenyi,5ff0d9741051d100756df8aa,04/Jul/26 4:49 PM,04/Jul/26 4:49 PM,,,,0,,,Shenyi,5ff0d9741051d100756df8aa,,,,,,,,,,,,,,,,,0|i000cn:,,,,,,,,,,To Do,04/Jul/26 4:49 PM
Users API POST /users creates a new user with an account balance in cents,SCRUM-57,10088,Test,To Do,SCRUM,Bug Tracking,software,Shenyi,5ff0d9741051d100756df8aa,,Medium,,,,Shenyi,5ff0d9741051d100756df8aa,Shenyi,5ff0d9741051d100756df8aa,04/Jul/26 4:49 PM,04/Jul/26 4:49 PM,,,,0,,,Shenyi,5ff0d9741051d100756df8aa,,,,,,,,,,,,,,,,,0|i000cf:,,,,,,,,,,To Do,04/Jul/26 4:49 PM
Users API POST /users creates a new user,SCRUM-56,10087,Test,To Do,SCRUM,Bug Tracking,software,Shenyi,5ff0d9741051d100756df8aa,,Medium,,,,Shenyi,5ff0d9741051d100756df8aa,Shenyi,5ff0d9741051d100756df8aa,04/Jul/26 4:49 PM,04/Jul/26 4:49 PM,,,,0,,,Shenyi,5ff0d9741051d100756df8aa,,,,,,,,,,,,,,,,,0|i000c7:,,,,,,,,,,To Do,04/Jul/26 4:49 PM
Users API GET /users/search gets users by username,SCRUM-55,10086,Test,To Do,SCRUM,Bug Tracking,software,Shenyi,5ff0d9741051d100756df8aa,,Medium,,,,Shenyi,5ff0d9741051d100756df8aa,Shenyi,5ff0d9741051d100756df8aa,04/Jul/26 4:49 PM,04/Jul/26 4:49 PM,,,,0,,,Shenyi,5ff0d9741051d100756df8aa,,,,,,,,,,,,,,,,,0|i000bz:,,,,,,,,,,To Do,04/Jul/26 4:49 PM
Users API GET /users/search gets users by phone number,SCRUM-54,10085,Test,To Do,SCRUM,Bug Tracking,software,Shenyi,5ff0d9741051d100756df8aa,,Medium,,,,Shenyi,5ff0d9741051d100756df8aa,Shenyi,5ff0d9741051d100756df8aa,04/Jul/26 4:49 PM,04/Jul/26 4:49 PM,,,,0,,,Shenyi,5ff0d9741051d100756df8aa,,,,,,,,,,,,,,,,,0|i000br:,,,,,,,,,,To Do,04/Jul/26 4:49 PM
Users API GET /users/search gets users by email,SCRUM-53,10084,Test,To Do,SCRUM,Bug Tracking,software,Shenyi,5ff0d9741051d100756df8aa,,Medium,,,,Shenyi,5ff0d9741051d100756df8aa,Shenyi,5ff0d9741051d100756df8aa,04/Jul/26 4:49 PM,04/Jul/26 4:49 PM,,,,0,,,Shenyi,5ff0d9741051d100756df8aa,,,,,,,,,,,,,,,,,0|i000bj:,,,,,,,,,,To Do,04/Jul/26 4:49 PM
Users API GET /users/profile/:username gets a user profile by username,SCRUM-52,10083,Test,To Do,SCRUM,Bug Tracking,software,Shenyi,5ff0d9741051d100756df8aa,,Medium,,,,Shenyi,5ff0d9741051d100756df8aa,Shenyi,5ff0d9741051d100756df8aa,04/Jul/26 4:49 PM,04/Jul/26 4:49 PM,,,,0,,,Shenyi,5ff0d9741051d100756df8aa,,,,,,,,,,,,,,,,,0|i000bb:,,,,,,,,,,To Do,04/Jul/26 4:49 PM
Users API GET /users/:userId errors when invalid userId,SCRUM-51,10082,Test,To Do,SCRUM,Bug Tracking,software,Shenyi,5ff0d9741051d100756df8aa,,Medium,,,,Shenyi,5ff0d9741051d100756df8aa,Shenyi,5ff0d9741051d100756df8aa,04/Jul/26 4:49 PM,04/Jul/26 4:49 PM,,,,0,,,Shenyi,5ff0d9741051d100756df8aa,,,,,,,,,,,,,,,,,0|i000b3:,,,,,,,,,,To Do,04/Jul/26 4:49 PM
Users API GET /users/:userId gets a user,SCRUM-50,10081,Test,To Do,SCRUM,Bug Tracking,software,Shenyi,5ff0d9741051d100756df8aa,,Medium,,,,Shenyi,5ff0d9741051d100756df8aa,Shenyi,5ff0d9741051d100756df8aa,04/Jul/26 4:49 PM,04/Jul/26 4:49 PM,,,,0,,,Shenyi,5ff0d9741051d100756df8aa,,,,,,,,,,,,,,,,,0|i000av:,,,,,,,,,,To Do,04/Jul/26 4:49 PM
Users API GET /users gets a list of users,SCRUM-49,10080,Test,To Do,SCRUM,Bug Tracking,software,Shenyi,5ff0d9741051d100756df8aa,,Medium,,,,Shenyi,5ff0d9741051d100756df8aa,Shenyi,5ff0d9741051d100756df8aa,04/Jul/26 4:49 PM,04/Jul/26 4:49 PM,,,,0,,,Shenyi,5ff0d9741051d100756df8aa,,,,,,,,,,,,,,,,,0|i000an:,,,,,,,,,,To Do,04/Jul/26 4:49 PM
Transactions API PATCH /transactions/:transactionId errors when an invalid field sent,SCRUM-48,10079,Test,To Do,SCRUM,Bug Tracking,software,Shenyi,5ff0d9741051d100756df8aa,,Medium,,,,Shenyi,5ff0d9741051d100756df8aa,Shenyi,5ff0d9741051d100756df8aa,04/Jul/26 4:49 PM,04/Jul/26 4:49 PM,,,,0,,,Shenyi,5ff0d9741051d100756df8aa,,,,,,,,,,,,,,,,,0|i000af:,,,,,,,,,,To Do,04/Jul/26 4:49 PM
Transactions API PATCH /transactions/:transactionId updates a transaction,SCRUM-47,10078,Test,To Do,SCRUM,Bug Tracking,software,Shenyi,5ff0d9741051d100756df8aa,,Medium,,,,Shenyi,5ff0d9741051d100756df8aa,Shenyi,5ff0d9741051d100756df8aa,04/Jul/26 4:49 PM,04/Jul/26 4:49 PM,,,,0,,,Shenyi,5ff0d9741051d100756df8aa,,,,,,,,,,,,,,,,,0|i000a7:,,,,,,,,,,To Do,04/Jul/26 4:49 PM
Transactions API POST /transactions creates a new request,SCRUM-46,10077,Test,To Do,SCRUM,Bug Tracking,software,Shenyi,5ff0d9741051d100756df8aa,,Medium,,,,Shenyi,5ff0d9741051d100756df8aa,Shenyi,5ff0d9741051d100756df8aa,04/Jul/26 4:49 PM,04/Jul/26 4:49 PM,,,,0,,,Shenyi,5ff0d9741051d100756df8aa,,,,,,,,,,,,,,,,,0|i0009z:,,,,,,,,,,To Do,04/Jul/26 4:49 PM
Transactions API POST /transactions creates a new payment,SCRUM-45,10076,Test,To Do,SCRUM,Bug Tracking,software,Shenyi,5ff0d9741051d100756df8aa,,Medium,,,,Shenyi,5ff0d9741051d100756df8aa,Shenyi,5ff0d9741051d100756df8aa,04/Jul/26 4:49 PM,04/Jul/26 4:49 PM,,,,0,,,Shenyi,5ff0d9741051d100756df8aa,,,,,,,,,,,,,,,,,0|i0009r:,,,,,,,,,,To Do,04/Jul/26 4:49 PM
Transactions API GET /transactions/public gets a list of public transactions,SCRUM-44,10075,Test,To Do,SCRUM,Bug Tracking,software,Shenyi,5ff0d9741051d100756df8aa,,Medium,,,,Shenyi,5ff0d9741051d100756df8aa,Shenyi,5ff0d9741051d100756df8aa,04/Jul/26 4:49 PM,04/Jul/26 4:49 PM,,,,0,,,Shenyi,5ff0d9741051d100756df8aa,,,,,,,,,,,,,,,,,0|i0009j:,,,,,,,,,,To Do,04/Jul/26 4:49 PM
"Transactions API GET /transactions/contacts gets a list of transactions for users list of contacts, page two",SCRUM-43,10074,Test,To Do,SCRUM,Bug Tracking,software,Shenyi,5ff0d9741051d100756df8aa,,Medium,,,,Shenyi,5ff0d9741051d100756df8aa,Shenyi,5ff0d9741051d100756df8aa,04/Jul/26 4:49 PM,04/Jul/26 4:49 PM,,,,0,,,Shenyi,5ff0d9741051d100756df8aa,,,,,,,,,,,,,,,,,0|i0009b:,,,,,,,,,,To Do,04/Jul/26 4:49 PM
"Transactions API GET /transactions/contacts gets a list of transactions for users list of contacts, page one",SCRUM-42,10073,Test,To Do,SCRUM,Bug Tracking,software,Shenyi,5ff0d9741051d100756df8aa,,Medium,,,,Shenyi,5ff0d9741051d100756df8aa,Shenyi,5ff0d9741051d100756df8aa,04/Jul/26 4:49 PM,04/Jul/26 4:49 PM,,,,0,,,Shenyi,5ff0d9741051d100756df8aa,,,,,,,,,,,,,,,,,0|i00093:,,,,,,,,,,To Do,04/Jul/26 4:49 PM
Transactions API GET /transactions gets a list of pending request transactions for user between a time range,SCRUM-41,10072,Test,To Do,SCRUM,Bug Tracking,software,Shenyi,5ff0d9741051d100756df8aa,,Medium,,,,Shenyi,5ff0d9741051d100756df8aa,Shenyi,5ff0d9741051d100756df8aa,04/Jul/26 4:49 PM,04/Jul/26 4:49 PM,,,,0,,,Shenyi,5ff0d9741051d100756df8aa,,,,,,,,,,,,,,,,,0|i0008v:,,,,,,,,,,To Do,04/Jul/26 4:49 PM
Transactions API GET /transactions gets a list of pending request transactions for user,SCRUM-40,10071,Test,To Do,SCRUM,Bug Tracking,software,Shenyi,5ff0d9741051d100756df8aa,,Medium,,,,Shenyi,5ff0d9741051d100756df8aa,Shenyi,5ff0d9741051d100756df8aa,04/Jul/26 4:49 PM,04/Jul/26 4:49 PM,,,,0,,,Shenyi,5ff0d9741051d100756df8aa,,,,,,,,,,,,,,,,,0|i0008n:,,,,,,,,,,To Do,04/Jul/26 4:49 PM
Transactions API GET /transactions gets a list of transactions for user (default),SCRUM-39,10070,Test,To Do,SCRUM,Bug Tracking,software,Shenyi,5ff0d9741051d100756df8aa,,Medium,,,,Shenyi,5ff0d9741051d100756df8aa,Shenyi,5ff0d9741051d100756df8aa,04/Jul/26 4:49 PM,04/Jul/26 4:49 PM,,,,0,,,Shenyi,5ff0d9741051d100756df8aa,,,,,,,,,,,,,,,,,0|i0008f:,,,,,,,,,,To Do,04/Jul/26 4:49 PM
Test Data API GET /testData/:entity gets remote mock data for banktransfers,SCRUM-38,10069,Test,To Do,SCRUM,Bug Tracking,software,Shenyi,5ff0d9741051d100756df8aa,,Medium,,,,Shenyi,5ff0d9741051d100756df8aa,Shenyi,5ff0d9741051d100756df8aa,04/Jul/26 4:49 PM,04/Jul/26 4:49 PM,,,,0,,,Shenyi,5ff0d9741051d100756df8aa,,,,,,,,,,,,,,,,,0|i00087:,,,,,,,,,,To Do,04/Jul/26 4:49 PM
Test Data API GET /testData/:entity gets remote mock data for comments,SCRUM-37,10068,Test,To Do,SCRUM,Bug Tracking,software,Shenyi,5ff0d9741051d100756df8aa,,Medium,,,,Shenyi,5ff0d9741051d100756df8aa,Shenyi,5ff0d9741051d100756df8aa,04/Jul/26 4:49 PM,04/Jul/26 4:49 PM,,,,0,,,Shenyi,5ff0d9741051d100756df8aa,,,,,,,,,,,,,,,,,0|i0007z:,,,,,,,,,,To Do,04/Jul/26 4:49 PM
Test Data API GET /testData/:entity gets remote mock data for likes,SCRUM-36,10067,Test,To Do,SCRUM,Bug Tracking,software,Shenyi,5ff0d9741051d100756df8aa,,Medium,,,,Shenyi,5ff0d9741051d100756df8aa,Shenyi,5ff0d9741051d100756df8aa,04/Jul/26 4:49 PM,04/Jul/26 4:49 PM,,,,0,,,Shenyi,5ff0d9741051d100756df8aa,,,,,,,,,,,,,,,,,0|i0007r:,,,,,,,,,,To Do,04/Jul/26 4:49 PM
Test Data API GET /testData/:entity gets remote mock data for transactions,SCRUM-35,10066,Test,To Do,SCRUM,Bug Tracking,software,Shenyi,5ff0d9741051d100756df8aa,,Medium,,,,Shenyi,5ff0d9741051d100756df8aa,Shenyi,5ff0d9741051d100756df8aa,04/Jul/26 4:49 PM,04/Jul/26 4:49 PM,,,,0,,,Shenyi,5ff0d9741051d100756df8aa,,,,,,,,,,,,,,,,,0|i0007j:,,,,,,,,,,To Do,04/Jul/26 4:49 PM
Test Data API GET /testData/:entity gets remote mock data for notifications,SCRUM-34,10065,Test,To Do,SCRUM,Bug Tracking,software,Shenyi,5ff0d9741051d100756df8aa,,Medium,,,,Shenyi,5ff0d9741051d100756df8aa,Shenyi,5ff0d9741051d100756df8aa,04/Jul/26 4:49 PM,04/Jul/26 4:49 PM,,,,0,,,Shenyi,5ff0d9741051d100756df8aa,,,,,,,,,,,,,,,,,0|i0007b:,,,,,,,,,,To Do,04/Jul/26 4:49 PM
Test Data API GET /testData/:entity gets remote mock data for bankaccounts,SCRUM-33,10064,Test,To Do,SCRUM,Bug Tracking,software,Shenyi,5ff0d9741051d100756df8aa,,Medium,,,,Shenyi,5ff0d9741051d100756df8aa,Shenyi,5ff0d9741051d100756df8aa,04/Jul/26 4:49 PM,04/Jul/26 4:49 PM,,,,0,,,Shenyi,5ff0d9741051d100756df8aa,,,,,,,,,,,,,,,,,0|i00073:,,,,,,,,,,To Do,04/Jul/26 4:49 PM
Test Data API GET /testData/:entity gets remote mock data for contacts,SCRUM-32,10063,Test,To Do,SCRUM,Bug Tracking,software,Shenyi,5ff0d9741051d100756df8aa,,Medium,,,,Shenyi,5ff0d9741051d100756df8aa,Shenyi,5ff0d9741051d100756df8aa,04/Jul/26 4:49 PM,04/Jul/26 4:49 PM,,,,0,,,Shenyi,5ff0d9741051d100756df8aa,,,,,,,,,,,,,,,,,0|i0006v:,,,,,,,,,,To Do,04/Jul/26 4:49 PM
Test Data API GET /testData/:entity gets remote mock data for users,SCRUM-31,10062,Test,To Do,SCRUM,Bug Tracking,software,Shenyi,5ff0d9741051d100756df8aa,,Medium,,,,Shenyi,5ff0d9741051d100756df8aa,Shenyi,5ff0d9741051d100756df8aa,04/Jul/26 4:49 PM,04/Jul/26 4:49 PM,,,,0,,,Shenyi,5ff0d9741051d100756df8aa,,,,,,,,,,,,,,,,,0|i0006n:,,,,,,,,,,To Do,04/Jul/26 4:49 PM
Notifications API PATCH /notifications/:notificationId errors when invalid field sent,SCRUM-30,10061,Test,To Do,SCRUM,Bug Tracking,software,Shenyi,5ff0d9741051d100756df8aa,,Medium,,,,Shenyi,5ff0d9741051d100756df8aa,Shenyi,5ff0d9741051d100756df8aa,04/Jul/26 4:49 PM,04/Jul/26 4:49 PM,,,,0,,,Shenyi,5ff0d9741051d100756df8aa,,,,,,,,,,,,,,,,,0|i0006f:,,,,,,,,,,To Do,04/Jul/26 4:49 PM
Notifications API PATCH /notifications/:notificationId updates a notification,SCRUM-29,10060,Test,To Do,SCRUM,Bug Tracking,software,Shenyi,5ff0d9741051d100756df8aa,,Medium,,,,Shenyi,5ff0d9741051d100756df8aa,Shenyi,5ff0d9741051d100756df8aa,04/Jul/26 4:49 PM,04/Jul/26 4:49 PM,,,,0,,,Shenyi,5ff0d9741051d100756df8aa,,,,,,,,,,,,,,,,,0|i00067:,,,,,,,,,,To Do,04/Jul/26 4:49 PM
"Notifications API POST /notifications creates notifications for transaction, like and comment",SCRUM-28,10059,Test,To Do,SCRUM,Bug Tracking,software,Shenyi,5ff0d9741051d100756df8aa,,Medium,,,,Shenyi,5ff0d9741051d100756df8aa,Shenyi,5ff0d9741051d100756df8aa,04/Jul/26 4:49 PM,04/Jul/26 4:49 PM,,,,0,,,Shenyi,5ff0d9741051d100756df8aa,,,,,,,,,,,,,,,,,0|i0005z:,,,,,,,,,,To Do,04/Jul/26 4:49 PM
Notifications API GET /notifications gets a list of notifications for a user,SCRUM-27,10058,Test,To Do,SCRUM,Bug Tracking,software,Shenyi,5ff0d9741051d100756df8aa,,Medium,,,,Shenyi,5ff0d9741051d100756df8aa,Shenyi,5ff0d9741051d100756df8aa,04/Jul/26 4:49 PM,04/Jul/26 4:49 PM,,,,0,,,Shenyi,5ff0d9741051d100756df8aa,,,,,,,,,,,,,,,,,0|i0005r:,,,,,,,,,,To Do,04/Jul/26 4:49 PM
Likes API POST /likes/:transactionId creates a new like for a transaction,SCRUM-26,10057,Test,To Do,SCRUM,Bug Tracking,software,Shenyi,5ff0d9741051d100756df8aa,,Medium,,,,Shenyi,5ff0d9741051d100756df8aa,Shenyi,5ff0d9741051d100756df8aa,04/Jul/26 4:49 PM,04/Jul/26 4:49 PM,,,,0,,,Shenyi,5ff0d9741051d100756df8aa,,,,,,,,,,,,,,,,,0|i0005j:,,,,,,,,,,To Do,04/Jul/26 4:49 PM
Likes API GET /likes/:transactionId gets a list of likes for a transaction,SCRUM-25,10056,Test,To Do,SCRUM,Bug Tracking,software,Shenyi,5ff0d9741051d100756df8aa,,Medium,,,,Shenyi,5ff0d9741051d100756df8aa,Shenyi,5ff0d9741051d100756df8aa,04/Jul/26 4:49 PM,04/Jul/26 4:49 PM,,,,0,,,Shenyi,5ff0d9741051d100756df8aa,,,,,,,,,,,,,,,,,0|i0005b:,,,,,,,,,,To Do,04/Jul/26 4:49 PM
Contacts API DELETE /contacts/:contactId deletes a contact,SCRUM-24,10055,Test,To Do,SCRUM,Bug Tracking,software,Shenyi,5ff0d9741051d100756df8aa,,Medium,,,,Shenyi,5ff0d9741051d100756df8aa,Shenyi,5ff0d9741051d100756df8aa,04/Jul/26 4:49 PM,04/Jul/26 4:49 PM,,,,0,,,Shenyi,5ff0d9741051d100756df8aa,,,,,,,,,,,,,,,,,0|i00053:,,,,,,,,,,To Do,04/Jul/26 4:49 PM
Contacts API POST /contacts errors when invalid contactUserId,SCRUM-23,10054,Test,To Do,SCRUM,Bug Tracking,software,Shenyi,5ff0d9741051d100756df8aa,,Medium,,,,Shenyi,5ff0d9741051d100756df8aa,Shenyi,5ff0d9741051d100756df8aa,04/Jul/26 4:49 PM,04/Jul/26 4:49 PM,,,,0,,,Shenyi,5ff0d9741051d100756df8aa,,,,,,,,,,,,,,,,,0|i0004v:,,,,,,,,,,To Do,04/Jul/26 4:49 PM
Contacts API POST /contacts creates a new contact,SCRUM-22,10053,Test,To Do,SCRUM,Bug Tracking,software,Shenyi,5ff0d9741051d100756df8aa,,Medium,,,,Shenyi,5ff0d9741051d100756df8aa,Shenyi,5ff0d9741051d100756df8aa,04/Jul/26 4:49 PM,04/Jul/26 4:49 PM,,,,0,,,Shenyi,5ff0d9741051d100756df8aa,,,,,,,,,,,,,,,,,0|i0004n:,,,,,,,,,,To Do,04/Jul/26 4:49 PM
Contacts API GET /contacts/:username gets a list of contacts by username,SCRUM-21,10052,Test,To Do,SCRUM,Bug Tracking,software,Shenyi,5ff0d9741051d100756df8aa,,Medium,,,,Shenyi,5ff0d9741051d100756df8aa,Shenyi,5ff0d9741051d100756df8aa,04/Jul/26 4:49 PM,04/Jul/26 4:49 PM,,,,0,,,Shenyi,5ff0d9741051d100756df8aa,,,,,,,,,,,,,,,,,0|i0004f:,,,,,,,,,,To Do,04/Jul/26 4:49 PM
Comments API POST /comments/:transactionId creates a new comment for a transaction,SCRUM-20,10051,Test,To Do,SCRUM,Bug Tracking,software,Shenyi,5ff0d9741051d100756df8aa,,Medium,,,,Shenyi,5ff0d9741051d100756df8aa,Shenyi,5ff0d9741051d100756df8aa,04/Jul/26 4:49 PM,04/Jul/26 4:49 PM,,,,0,,,Shenyi,5ff0d9741051d100756df8aa,,,,,,,,,,,,,,,,,0|i00047:,,,,,,,,,,To Do,04/Jul/26 4:49 PM
Comments API GET /comments/:transactionId gets a list of comments for a transaction,SCRUM-19,10050,Test,To Do,SCRUM,Bug Tracking,software,Shenyi,5ff0d9741051d100756df8aa,,Medium,,,,Shenyi,5ff0d9741051d100756df8aa,Shenyi,5ff0d9741051d100756df8aa,04/Jul/26 4:49 PM,04/Jul/26 4:49 PM,,,,0,,,Shenyi,5ff0d9741051d100756df8aa,,,,,,,,,,,,,,,,,0|i0003z:,,,,,,,,,,To Do,04/Jul/26 4:49 PM
Bank Transfer API GET /bankTransfer gets a list of bank transfers for user,SCRUM-18,10049,Test,To Do,SCRUM,Bug Tracking,software,Shenyi,5ff0d9741051d100756df8aa,,Medium,,,,Shenyi,5ff0d9741051d100756df8aa,Shenyi,5ff0d9741051d100756df8aa,04/Jul/26 4:49 PM,04/Jul/26 4:49 PM,,,,0,,,Shenyi,5ff0d9741051d100756df8aa,,,,,,,,,,,,,,,,,0|i0003r:,,,,,,,,,,To Do,04/Jul/26 4:49 PM
Bank Accounts API /graphql deletes a bank account,SCRUM-17,10048,Test,To Do,SCRUM,Bug Tracking,software,Shenyi,5ff0d9741051d100756df8aa,,Medium,,,,Shenyi,5ff0d9741051d100756df8aa,Shenyi,5ff0d9741051d100756df8aa,04/Jul/26 4:49 PM,04/Jul/26 4:49 PM,,,,0,,,Shenyi,5ff0d9741051d100756df8aa,,,,,,,,,,,,,,,,,0|i0003j:,,,,,,,,,,To Do,04/Jul/26 4:49 PM
Bank Accounts API /graphql creates a new bank account,SCRUM-16,10047,Test,To Do,SCRUM,Bug Tracking,software,Shenyi,5ff0d9741051d100756df8aa,,Medium,,,,Shenyi,5ff0d9741051d100756df8aa,Shenyi,5ff0d9741051d100756df8aa,04/Jul/26 4:49 PM,04/Jul/26 4:49 PM,,,,0,,,Shenyi,5ff0d9741051d100756df8aa,,,,,,,,,,,,,,,,,0|i0003b:,,,,,,,,,,To Do,04/Jul/26 4:49 PM
Bank Accounts API /graphql gets a list of bank accounts for user,SCRUM-15,10046,Test,To Do,SCRUM,Bug Tracking,software,Shenyi,5ff0d9741051d100756df8aa,,Medium,,,,Shenyi,5ff0d9741051d100756df8aa,Shenyi,5ff0d9741051d100756df8aa,04/Jul/26 4:49 PM,04/Jul/26 4:49 PM,,,,0,,,Shenyi,5ff0d9741051d100756df8aa,,,,,,,,,,,,,,,,,0|i00033:,,,,,,,,,,To Do,04/Jul/26 4:49 PM
Bank Accounts API DELETE /contacts/:bankAccountId deletes a bank account,SCRUM-14,10045,Test,To Do,SCRUM,Bug Tracking,software,Shenyi,5ff0d9741051d100756df8aa,,Medium,,,,Shenyi,5ff0d9741051d100756df8aa,Shenyi,5ff0d9741051d100756df8aa,04/Jul/26 4:49 PM,04/Jul/26 4:49 PM,,,,0,,,Shenyi,5ff0d9741051d100756df8aa,,,,,,,,,,,,,,,,,0|i0002v:,,,,,,,,,,To Do,04/Jul/26 4:49 PM
Bank Accounts API POST /bankAccounts creates a new bank account,SCRUM-13,10044,Test,To Do,SCRUM,Bug Tracking,software,Shenyi,5ff0d9741051d100756df8aa,,Medium,,,,Shenyi,5ff0d9741051d100756df8aa,Shenyi,5ff0d9741051d100756df8aa,04/Jul/26 4:49 PM,04/Jul/26 4:49 PM,,,,0,,,Shenyi,5ff0d9741051d100756df8aa,,,,,,,,,,,,,,,,,0|i0002n:,,,,,,,,,,To Do,04/Jul/26 4:49 PM
Bank Accounts API GET /bankAccounts/:bankAccountId gets a bank account,SCRUM-12,10043,Test,To Do,SCRUM,Bug Tracking,software,Shenyi,5ff0d9741051d100756df8aa,,Medium,,,,Shenyi,5ff0d9741051d100756df8aa,Shenyi,5ff0d9741051d100756df8aa,04/Jul/26 4:49 PM,04/Jul/26 4:49 PM,,,,0,,,Shenyi,5ff0d9741051d100756df8aa,,,,,,,,,,,,,,,,,0|i0002f:,,,,,,,,,,To Do,04/Jul/26 4:49 PM
Bank Accounts API GET /bankAccounts gets a list of bank accounts for user,SCRUM-11,10042,Test,To Do,SCRUM,Bug Tracking,software,Shenyi,5ff0d9741051d100756df8aa,,Medium,,,,Shenyi,5ff0d9741051d100756df8aa,Shenyi,5ff0d9741051d100756df8aa,04/Jul/26 4:48 PM,04/Jul/26 4:48 PM,08/Jul/26 10:51 AM,,,0,,,Shenyi,5ff0d9741051d100756df8aa,,,,,,,,,,,,,,,,,0|i00027:,,,,,,,,,,To Do,04/Jul/26 4:49 PM
Run X6 Script Failed,SCRUM-10,10041,Test,Done,SCRUM,Bug Tracking,software,Shenyi,5ff0d9741051d100756df8aa,,Medium,Done,Shenyi,5ff0d9741051d100756df8aa,Shenyi,5ff0d9741051d100756df8aa,Shenyi,5ff0d9741051d100756df8aa,04/Jul/26 4:36 PM,04/Jul/26 5:21 PM,04/Jul/26 5:24 PM,04/Jul/26 5:21 PM,06/Jul/26 12:00 AM,0,Run X6 Script Failed,,Shenyi,5ff0d9741051d100756df8aa,,,,,,,,,,,SCRUM-8,04/Jul/26 5:10 PM;218e8e5b-3a27-4729-9b3f-96dade52595c;index.html_2026-07-02T080421-0600.json;https://baoshenyi.atlassian.net/rest/api/3/attachment/content/10003,,,,,0|i0001z:,SCRUM Sprint 0,05/Jul/26 12:00 AM,,,,,,,,Done,04/Jul/26 5:21 PM
Run X6 Script passed,SCRUM-9,10040,Test,Done,SCRUM,Bug Tracking,software,Shenyi,5ff0d9741051d100756df8aa,,Medium,Done,Shenyi,5ff0d9741051d100756df8aa,Shenyi,5ff0d9741051d100756df8aa,Shenyi,5ff0d9741051d100756df8aa,04/Jul/26 4:35 PM,04/Jul/26 5:21 PM,05/Jul/26 9:31 AM,04/Jul/26 5:21 PM,07/Jul/26 12:00 AM,0,Run X6 Script passed,,Shenyi,5ff0d9741051d100756df8aa,,,,,,,,,,,SCRUM-8,04/Jul/26 5:00 PM;218e8e5b-3a27-4729-9b3f-96dade52595c;index.html_2026-07-02T080421-0600.html;https://baoshenyi.atlassian.net/rest/api/3/attachment/content/10000,04/Jul/26 5:01 PM;218e8e5b-3a27-4729-9b3f-96dade52595c;index.html_2026-07-02T080421-0600.html;https://baoshenyi.atlassian.net/rest/api/3/attachment/content/10001,04/Jul/26 5:02 PM;218e8e5b-3a27-4729-9b3f-96dade52595c;index.html_2026-07-02T080421-0600.html;https://baoshenyi.atlassian.net/rest/api/3/attachment/content/10002,,,0|i0001r:,SCRUM Sprint 0,04/Jul/26 12:00 AM,,,,,,,,Done,04/Jul/26 5:21 PM
Performance Test Execution,SCRUM-8,10039,Test Execution,Done,SCRUM,Bug Tracking,software,Shenyi,5ff0d9741051d100756df8aa,,Medium,Done,Shenyi,5ff0d9741051d100756df8aa,Shenyi,5ff0d9741051d100756df8aa,Shenyi,5ff0d9741051d100756df8aa,04/Jul/26 4:13 PM,04/Jul/26 5:17 PM,04/Jul/26 5:30 PM,04/Jul/26 5:17 PM,,0,Test Execution (SCRUM-8) │ ▼ Import Cypress JUnit XML / JSON │ ▼ Test Run │ ▼ PASS / FAIL,,Shenyi,5ff0d9741051d100756df8aa,,,,,,,,,SCRUM-9,SCRUM-10,,,,,,,0|i0001j:,SCRUM Sprint 0,,,,,,,,,Done,04/Jul/26 5:17 PM
Worker request ramp up/down,SCRUM-7,10038,Subtask,In Progress,SCRUM,Bug Tracking,software,Shenyi,5ff0d9741051d100756df8aa,,Medium,,Shenyi,5ff0d9741051d100756df8aa,Shenyi,5ff0d9741051d100756df8aa,Shenyi,5ff0d9741051d100756df8aa,04/Jul/26 3:50 PM,04/Jul/26 3:59 PM,04/Jul/26 3:59 PM,,,0,,,Shenyi,5ff0d9741051d100756df8aa,,,,,,,,,,,SCRUM-6,,,,,,0|i0001b:,SCRUM Sprint 0,,,,,,10000,SCRUM-1,Website performance issue,In Progress,04/Jul/26 3:51 PM
Perfromance testing,SCRUM-6,10037,Test,To Do,SCRUM,Bug Tracking,software,Shenyi,5ff0d9741051d100756df8aa,,Medium,,Shenyi,5ff0d9741051d100756df8aa,Shenyi,5ff0d9741051d100756df8aa,Shenyi,5ff0d9741051d100756df8aa,04/Jul/26 11:09 AM,04/Jul/26 4:05 PM,04/Jul/26 4:04 PM,,,0,"{{SCRUM-6}} is a *Test definition*. Think of it as the reusable test case, not a single execution",,Shenyi,5ff0d9741051d100756df8aa,,,,,,,,,SCRUM-7,,,,,,,,0|i00013:,,04/Jul/26 12:00 AM,8.0,,,,,,,To Do,04/Jul/26 11:10 AM
Website performance issue,SCRUM-1,10000,Task,In Progress,SCRUM,Bug Tracking,software,Shenyi,5ff0d9741051d100756df8aa,,Highest,,Shenyi,5ff0d9741051d100756df8aa,Shenyi,5ff0d9741051d100756df8aa,Shenyi,5ff0d9741051d100756df8aa,02/Jul/26 7:38 AM,04/Jul/26 3:49 PM,04/Jul/26 4:01 PM,,07/Jul/26 12:00 AM,0,,,Shenyi,5ff0d9741051d100756df8aa,,,,,,,,,,,,,,,,,0|hzzzzz:,SCRUM Sprint 0,,,,,02/Jul/26 7:40 AM;5ff0d9741051d100756df8aa;Website is slow,,,,In Progress,04/Jul/26 3:30 PM
